Address,list_price,beds,baths,sq_ft,latitude,longitude
"950 N Michigan Ave # 39B Chicago, IL 60611",941000.0,2.0,2.5,465900.0,41.9003994,-87.6246803
"100 E Huron St Apt 1901 Chicago, IL 60611",370000.0,1.0,1.5,376500.0,41.8953549,-87.6249465
"3150 N Sheridan Rd Apt 17D Chicago, IL 60657",235000.0,1.0,1.0,335900.0,41.9392324,-87.63970499999999
"411 W Ontario St Apt 101 Chicago, IL 60654",353000.0,1.0,1.5,249900.0,41.8928504,-87.6397404
"680 N Lake Shore Dr Apt 222 Chicago, IL 60611",397000.0,2.0,1.5,211800.0,41.8946724,-87.6167162
"1660 N La Salle Dr Apt 3307 Chicago, IL 60614",296000.0,1.0,1.0,66600.0,41.9122525,-87.63395
"711 S Dearborn St Unit 706 Chicago, IL 60605",350000.0,2.0,1.0,43400.0,41.8729406,-87.6288696
"3201 N Ravenswood Ave Apt 210 Chicago, IL 60657",400000.0,2.0,1.5,36300.0,41.9399937,-87.6731451
"3201 N Ravenswood Ave Apt 206 Chicago, IL 60657",390000.0,2.0,1.5,36300.0,41.9399937,-87.6731451
"3201 N Ravenswood Ave Apt 305 Chicago, IL 60657",415000.0,2.0,1.5,36300.0,41.9399937,-87.6731451
"1749 N Wells St Apt 801 Chicago, IL 60614",488500.0,2.0,2.0,35900.0,41.9142116,-87.6339237
"1749 N Wells St Apt 1409 Chicago, IL 60614",300500.0,1.0,1.0,35900.0,41.9142116,-87.6339237
"1749 N Wells St Apt 2207 Chicago, IL 60614",323500.0,1.0,1.0,35900.0,41.9142116,-87.6339237
"1749 N Wells St Apt 1501 Chicago, IL 60614",289500.0,1.0,1.0,35900.0,41.9142116,-87.6339237
"3201 N Seminary Ave Apt 206 Chicago, IL 60657",255000.0,1.0,1.0,33700.0,41.9403227,-87.656216
"4343 N Clarendon Ave Apt 902 Chicago, IL 60613",250000.0,2.0,2.0,31600.0,41.96134079999999,-87.6493189
"4343 N Clarendon Ave Apt 2710 Chicago, IL 60613",132000.0,1.0,1.0,31600.0,41.96134079999999,-87.6493189
"345 N Canal St Apt 1001 Chicago, IL 60606",332000.0,1.0,1.0,31400.0,41.8881457,-87.6396118
"2000 W Haddon Ave Apt 201 Chicago, IL 60622",310000.0,1.0,1.0,23600.0,41.9025241,-87.67753549999999
"11024 Kilpatrick Ave Apt 5 Oak Lawn, IL 60453",72000.0,2.0,1.0,12000.0,41.6919024,-87.7376147
"2753 N Wayne Ave Apt D Chicago, IL 60614",470000.0,2.0,2.5,10800.0,41.932104,-87.661945
"910 N Lake Shore Dr Apt 1720 Chicago, IL 60611",459500.0,2.0,2.0,10400.0,41.8996853,-87.6196674
"110 E Delaware Pl Apt 602 Chicago, IL 60611",277500.0,1.0,1.5,7200.0,41.8993932,-87.62566629999999
"110 E Delaware Pl Apt 1402 Chicago, IL 60611",272000.0,1.0,1.5,7200.0,41.899393,-87.625666
"6451 S Sangamon St Chicago, IL 60621",71500.0,9.0,3.0,6156.0,41.77639140000001,-87.648074
"1920 N Sheffield Ave Apt B Chicago, IL 60614",845000.0,2.0,2.5,5700.0,41.9167215,-87.65360439999999
"2659 N Dayton St Chicago, IL 60614",905000.0,6.0,4.5,5400.0,41.930755,-87.649805
"4261 Ford City Chicago, IL 60652",34000.0,1.0,1.0,5300.0,41.753945,-87.730524
"1476 W Marcus Ct Park Ridge, IL 60068",350000.0,4.0,7.5,5000.0,42.033979,-87.853258
"3528 N Seeley Ave Chicago, IL 60618",2650000.0,3.0,4.5,4815.0,41.945904,-87.680087
"710 W Melrose St Chicago, IL 60657",805000.0,6.0,4.0,4800.0,41.9412882,-87.6474188
"4130 Woodland Ave Western Springs, IL 60558",1925000.0,3.0,3.5,4665.0,41.8140265,-87.90294569999999
"2435 W Augusta Blvd # 1 Chicago, IL 60622",549500.0,2.0,8.5,4544.0,41.8991533,-87.6883323
"25 E Superior St Apt 3504 Chicago, IL 60611",1841500.0,4.0,4.0,4000.0,41.8953476,-87.6272158
"1200 S Patrick Ln Palatine, IL 60067",275000.0,4.0,3.0,4000.0,42.08837,-88.06685399999999
"1818 N Whipple St Chicago, IL 60647",899000.0,4.0,3.5,3900.0,41.9144575,-87.7042043
"1313 N Ritchie Ct Apt 1803 Chicago, IL 60610",2000500.0,4.0,4.5,3780.0,41.90616259999999,-87.6261578
"1524 Skye Ct Flossmoor, IL 60422",365000.0,4.0,2.5,3753.0,41.5340898,-87.7128358
"1550 N State Pkwy Apt 1001 Chicago, IL 60610",3050000.0,3.0,3.5,3600.0,41.9109517,-87.62924960000001
"445 E North Water St # P-327 Chicago, IL 60611",1820000.0,3.0,3.5,3498.0,41.8893632,-87.6162621
"737 W Washington Blvd Apt 2201 Chicago, IL 60661",1335000.0,4.0,3.5,3400.0,41.8824387,-87.6469152
"680 N Lake Shore Dr Apt 1218 Chicago, IL 60611",799000.0,4.0,3.5,3400.0,41.8946724,-87.6167162
"6422 S Drexel Ave Chicago, IL 60637",285000.0,5.0,3.0,3384.0,41.777912,-87.603184
"1632 N Hudson Ave Apt 5 Chicago, IL 60614",1120000.0,3.0,3.5,3300.0,41.9115536,-87.6401329
"1657 W Huron St # 1 Chicago, IL 60622",550000.0,4.0,3.0,3300.0,41.8939174,-87.6694184
"6101 N Sheridan Rd Apt 15I Chicago, IL 60660",596000.0,4.0,3.0,3300.0,41.9925374,-87.65508810000001
"701 S Wells St Apt 3304 Chicago, IL 60607",400000.0,6.0,5.0,3286.0,41.873148,-87.63324999999999
"1749 W Roscoe St # 1 Chicago, IL 60657",785000.0,3.0,3.5,3255.0,41.9430487,-87.6730807
"800 N Michigan Ave Apt 2501 Chicago, IL 60611",2900000.0,3.0,2.5,3228.0,41.8971196,-87.6255022
"5822 S Blackstone Ave Apt 2 Chicago, IL 60637",918000.0,6.0,3.0,3200.0,41.7889627,-87.59060600000001
"950 E Wilmette Rd Unit 110 Palatine, IL 60074",90000.0,4.0,2.5,3200.0,42.10389199999999,-88.02048669999999
"1020 S Wabash Ave # 7EF Chicago, IL 60605",1060000.0,3.0,2.5,3200.0,41.8695149,-87.6263702
"4245 S Vincennes Ave # 1 Chicago, IL 60653",305000.0,4.0,2.5,3100.0,41.8171531,-87.6136818
"1529 N Rockwell St # 1 Chicago, IL 60622",435000.0,3.0,2.5,3080.0,41.9092992,-87.6918364
"21 E Huron St Apt 4103 Chicago, IL 60611",1775000.0,3.0,3.5,3033.0,41.8945046,-87.62712959999999
"159 E Walton Pl Apt 8D Chicago, IL 60611",1790000.0,3.0,3.5,3014.0,41.8998456,-87.6233405
"728 W Jackson Blvd # A-4 Chicago, IL 60661",430000.0,4.0,4.0,3000.0,41.8782926,-87.6449452
"955 W Carmen Ave Apt 1A Chicago, IL 60640",505000.0,4.0,4.0,3000.0,41.974238,-87.65473
"2856 N Burling St Apt 3 Chicago, IL 60657",697000.0,4.0,3.5,3000.0,41.9344547,-87.64810419999999
"2639 N Southport Ave # A Chicago, IL 60614",675000.0,4.0,3.5,3000.0,41.927907,-87.663049
"2821 N Damen Ave # 1 Chicago, IL 60618",490000.0,4.0,3.0,3000.0,41.9329292,-87.6777896
"8815 W Golf Rd Apt 12A Niles, IL 60714",255000.0,3.0,3.0,3000.0,42.0537673,-87.8471098
"94 Graymoor Ln Olympia Fields, IL 60461",25000.0,4.0,2.5,2990.0,41.526122,-87.667192
"1210 N Astor St Apt 2A Chicago, IL 60610",1300000.0,4.0,2.0,2850.0,41.9041681,-87.62710419999999
"2334 W 21st St Chicago, IL 60608",100000.0,7.0,3.0,2814.0,41.85413,-87.684664
"1316 N Sandburg Ter # 1316 Chicago, IL 60610",860000.0,4.0,2.5,2800.0,41.9097937,-87.63221469999999
"1530 S State St Apt 900 Chicago, IL 60605",940000.0,3.0,2.5,2800.0,41.8610256,-87.62791039999999
"2731 N Wilton Ave # 3 Chicago, IL 60614",710000.0,3.0,2.5,2800.0,41.9318901,-87.652323
"930 W Concord Pl # 1 Chicago, IL 60614",832500.0,3.0,2.5,2800.0,41.9119815,-87.6520051
"680 N Lake Shore Dr Apt 513 Chicago, IL 60611",495000.0,2.0,2.5,2790.0,41.8946724,-87.6167162
"180 E Pearson St Apt 6601 Chicago, IL 60611",2050000.0,3.0,3.5,2754.0,41.8978657,-87.6223555
"180 E Pearson St Apt 5207 Chicago, IL 60611",1516500.0,2.0,3.5,2754.0,41.8978657,-87.6223555
"132 E Delaware Pl Apt 5106 Chicago, IL 60611",2450000.0,3.0,3.0,2746.0,41.8996412,-87.6251219
"714 W Melrose St Apt 1E Chicago, IL 60657",810000.0,4.0,3.5,2700.0,41.941319,-87.64759099999999
"3535 N Fremont St Apt 3 Chicago, IL 60657",670000.0,3.0,3.0,2700.0,41.94652560000001,-87.6515227
"8141 Lavergne Ave Burbank, IL 60459",50000.0,4.0,2.5,2700.0,41.74398,-87.74547199999999
"1447 W Thomas St # 3 Chicago, IL 60642",695000.0,3.0,2.5,2700.0,41.9013449,-87.6644128
"820 W George St # 1 Chicago, IL 60657",586500.0,3.0,2.5,2700.0,41.9348339,-87.6499625
"3844 N Sheffield Ave # 104 Chicago, IL 60613",600000.0,3.0,2.5,2700.0,41.933939,-87.6537168
"2258 W Huron St Unit L Chicago, IL 60612",522000.0,2.0,2.5,2674.0,41.8942744,-87.6841015
"1155 N Dearborn St Apt 403 Chicago, IL 60610",1045000.0,3.0,2.5,2650.0,41.9034515,-87.62965609999999
"9875 W 144th Pl Orland Park, IL 60462",488000.0,1.0,3.5,2634.0,41.627513,-87.86097939999999
"664 W Aldine Ave Chicago, IL 60657",625000.0,5.0,2.0,2620.0,41.9420541,-87.6469948
"133 Knockderry Ln Inverness, IL 60067",497500.0,3.0,3.5,2600.0,42.114933,-88.07541499999999
"2719 N Paulina St Apt 1N Chicago, IL 60614",700000.0,4.0,3.0,2600.0,41.9307188,-87.67046119999999
"917 W Altgeld St # 1W Chicago, IL 60614",716000.0,4.0,3.0,2600.0,41.9269331,-87.6518895
"1530 W Cortez St Apt 1 Chicago, IL 60642",522000.0,3.0,3.0,2600.0,41.90089469999999,-87.6661912
"1022 N Wood St # 1 Chicago, IL 60622",623000.0,3.0,2.5,2600.0,41.9003573,-87.6725708
"1412 W Cuyler Ave Apt 1W Chicago, IL 60613",602500.0,3.0,2.5,2600.0,41.9555052,-87.66487509999999
"2800 N Talman Ave # D5 Chicago, IL 60618",390000.0,2.0,2.5,2600.0,41.9329811,-87.6947395
"1532 W Fry St Chicago, IL 60642",430000.0,3.0,3.0,2550.0,41.8970608,-87.66624279999999
"1509 N Hudson Ave Chicago, IL 60610",650000.0,3.0,3.0,2500.0,41.90957100000001,-87.63937899999999
"3520 N Reta Ave Apt 1S Chicago, IL 60657",759000.0,4.0,2.5,2500.0,41.946168,-87.65099699999999
"1827 W Iowa St # 1 Chicago, IL 60622",580000.0,3.0,2.5,2500.0,41.8975735,-87.67338889999999
"1738 N Mohawk St # 3 Chicago, IL 60614",975000.0,3.0,2.5,2500.0,41.9139746,-87.6426431
"452 W Roslyn Pl # 1E Chicago, IL 60614",475000.0,3.0,2.5,2500.0,41.9276531,-87.6409695
"4040 N Kenmore Ave Apt 1S Chicago, IL 60613",445500.0,3.0,2.0,2500.0,41.9557218,-87.65647530000001
"1641 N Claremont Ave Chicago, IL 60647",1307500.0,3.0,3.5,2499.0,41.9115423,-87.6858292
"1031 W Monroe St Unit 1 Chicago, IL 60607",928500.0,3.0,3.0,2425.0,41.8800985,-87.6532245
"1505 N Mohawk St # 1W Chicago, IL 60610",760000.0,4.0,3.0,2400.0,41.90935400000001,-87.641809
"1367 W Crystal St # 1 Chicago, IL 60642",520000.0,4.0,3.0,2400.0,41.8941546,-87.6598128
"873 N Hermitage Ave # 1 Chicago, IL 60622",532000.0,3.0,3.0,2400.0,41.8980691,-87.67069839999999
"1945 W Erie St # 1W Chicago, IL 60622",453000.0,3.0,2.5,2400.0,41.892921,-87.67622899999999
"2616 N Orchard St Apt 4 Chicago, IL 60614",516000.0,3.0,2.5,2400.0,41.9296373,-87.6468415
"1140 W Cornelia Ave Apt C Chicago, IL 60657",636500.0,3.0,2.5,2400.0,41.945579,-87.65830799999999
"4650 N Winthrop Ave Apt 3C Chicago, IL 60640",498000.0,3.0,2.0,2400.0,41.9665228,-87.6574579
"55 E Erie St Apt 1705 Chicago, IL 60611",1150000.0,3.0,3.0,2384.0,41.8938978,-87.6260539
"1445 W Huron St Apt 3 Chicago, IL 60642",505000.0,3.0,2.5,2350.0,41.8940366,-87.66410379999999
"1000 W Washington Blvd Unit 406 Chicago, IL 60607",1200000.0,2.0,2.0,2350.0,41.88379399999999,-87.6527085
"1512 N Campbell Ave # 1 Chicago, IL 60622",450000.0,3.0,3.0,2320.0,41.9089126,-87.68994959999999
"6145 N Glenwood Ave # 1N Chicago, IL 60660",418000.0,3.0,3.0,2300.0,41.9939101,-87.6650519
"3038 N Leavitt St # 1 Chicago, IL 60618",596000.0,3.0,3.0,2300.0,41.9370898,-87.68341269999999
"2743 N Wolcott Ave Unit 44 Chicago, IL 60614",637000.0,3.0,3.0,2300.0,41.9319415,-87.6750773
"1440 N State Pkwy Apt 21D Chicago, IL 60610",770000.0,3.0,2.5,2300.0,41.9089797,-87.6293582
"547 S Clark St Apt 1401 Chicago, IL 60605",825000.0,3.0,2.5,2300.0,41.8747537,-87.630353
"1646 W Julian St Apt A Chicago, IL 60622",485000.0,2.0,2.5,2300.0,41.9085315,-87.6694653
"910 W Jackson Blvd # 3W Chicago, IL 60607",900000.0,3.0,1.5,2300.0,41.8780422,-87.6499454
"4035 N Parkside Dr Hoffman Estates, IL 60192",357500.0,4.0,2.5,2278.0,42.0968635,-88.12545899999999
"1651 W Huron St # 1E Chicago, IL 60622",505000.0,3.0,2.5,2250.0,41.8940406,-87.669224
"1122 W Diversey Pkwy # 2E Chicago, IL 60614",465000.0,2.0,2.0,2238.0,41.93284999999999,-87.65686199999999
"1812 S Federal St # F36 Chicago, IL 60616",508000.0,3.0,2.0,2230.0,41.8570982,-87.6290562
"5827 Franklin Ct Hanover Park, IL 60133",240000.0,4.0,2.5,2212.0,41.9768779,-88.1438354
"4448 N Dover St # 1 Chicago, IL 60640",428000.0,3.0,3.0,2200.0,41.963157,-87.66539
"1641 N Dayton St # 1 Chicago, IL 60614",695000.0,3.0,3.0,2200.0,41.9121099,-87.6492784
"4147 S Ellis Ave # 2N Chicago, IL 60653",242500.0,3.0,2.5,2200.0,41.8187092,-87.60170409999999
"5832 Lincoln Ave Unit A Morton Grove, IL 60053",315000.0,3.0,2.5,2200.0,42.035456,-87.7729795
"2537 N Greenview Ave Chicago, IL 60614",483000.0,3.0,2.5,2200.0,41.928418,-87.66541199999999
"1410 W Argyle St # P-5 Chicago, IL 60640",425000.0,3.0,2.5,2200.0,41.9727946,-87.6651641
"875 N Milwaukee Ave # 2-3E Chicago, IL 60642",575000.0,3.0,2.5,2200.0,41.8979753,-87.6577865
"1300 N Lake Shore Dr Apt 19A Chicago, IL 60610",1455000.0,3.0,2.5,2200.0,41.9062326,-87.625621
"2728 N Racine Ave # 1 Chicago, IL 60614",602000.0,3.0,2.5,2200.0,41.9316085,-87.6589415
"1235 W George St Apt 112 Chicago, IL 60657",630000.0,3.0,2.5,2200.0,41.9341057,-87.6603853
"712 W Waveland Ave Apt 1D Chicago, IL 60613",424500.0,4.0,2.0,2200.0,41.949771,-87.647087
"613 N Paulina St # 3 Chicago, IL 60622",586500.0,3.0,2.0,2200.0,41.8928228,-87.66938050000002
"418 Church St Evanston, IL 60201",548000.0,3.0,2.0,2200.0,42.046897,-87.67683
"1022 S Racine Ave Apt 301 Chicago, IL 60607",529000.0,3.0,2.0,2191.0,41.8686827,-87.6570354
"1212 N Lake Shore Dr Apt 33AS Chicago, IL 60610",1300000.0,3.0,2.5,2150.0,41.9045617,-87.62550859999999
"4209 S Michigan Ave Apt 1N Chicago, IL 60653",1935000.0,2.0,2.5,2146.0,41.81811200000001,-87.622553
"17922 Alabama Ct Orland Park, IL 60467",245000.0,2.0,2.5,2117.0,41.5637188,-87.8815657
"2850 N Damen Ave # 3 Chicago, IL 60618",470000.0,3.0,3.0,2100.0,41.9337752,-87.67844439999999
"1110 N Lake Shore Dr Apt 7S Chicago, IL 60611",860000.0,3.0,2.5,2100.0,41.902836,-87.62504299999999
"1120 Driftwood Ct Flossmoor, IL 60422",177000.0,3.0,2.5,2100.0,41.5419783,-87.69276909999999
"6426 S Kenwood Ave Apt 1S Chicago, IL 60637",160000.0,3.0,2.5,2100.0,41.7778658,-87.59342769999999
"1640 W Beach Ave Apt 1E Chicago, IL 60622",585000.0,3.0,2.5,2100.0,41.9078046,-87.6692205
"130 E Oak St Apt 13B Chicago, IL 60611",722500.0,2.0,2.5,2100.0,41.901074,-87.62464299999999
"7362 N Damen Ave Apt 3N Chicago, IL 60645",245000.0,3.0,2.0,2100.0,42.01579900000001,-87.68079999999999
"3241 N Racine Ave # 3 Chicago, IL 60657",580000.0,3.0,2.0,2100.0,41.9410615,-87.6586236
"2024 W Roscoe St Apt 2 Chicago, IL 60618",528000.0,3.0,2.0,2100.0,41.9434918,-87.6795166
"6844 Zurich Ct Tinley Park, IL 60477",230000.0,2.0,2.0,2100.0,41.5572609,-87.7847848
"641 W Willow St Apt 122 Chicago, IL 60614",568000.0,2.0,2.0,2100.0,41.9134256,-87.6451256
"5401 Arlington Dr E Hanover Park, IL 60133",315000.0,4.0,2.5,2087.0,41.9705988,-88.1301682
"2527 W Harrison St # 1 Chicago, IL 60612",820500.0,3.0,2.5,2075.0,41.8735984,-87.68983410000001
"2044 W Roscoe St Unit 1S Chicago, IL 60618",720000.0,3.0,2.5,2050.0,41.9434832,-87.6802257
"2040 Arbor Ln Northfield, IL 60093",397500.0,2.0,2.5,2035.0,42.092686,-87.7673949
"512 N McClurg Ct Apt 5407 Chicago, IL 60611",880000.0,3.0,3.0,2022.0,41.8915234,-87.6178142
"250 E Pearson St Apt 2705 Chicago, IL 60611",1750000.0,3.0,3.0,2017.0,41.8979202,-87.6189597
"57 E Delaware Pl Apt 2302 Chicago, IL 60611",912500.0,3.0,2.0,2015.0,41.8988683,-87.626187
"7021 W Touhy Ave Apt 201B Niles, IL 60714",308000.0,3.0,2.5,2013.0,42.011385,-87.802283
"1100 N Lake Shore Dr Apt 14B Chicago, IL 60611",835000.0,3.0,2.5,2012.0,41.902686,-87.62516099999999
"4201 S Michigan Ave Apt 1S Chicago, IL 60653",1935000.0,2.0,2.5,2004.0,41.81811200000001,-87.622553
"2111 N Juniper Ln Arlington Heights, IL 60004",333500.0,2.0,3.5,2000.0,42.113516,-87.986199
"4644 N Central Park Ave Chicago, IL 60625",320500.0,3.0,3.0,2000.0,41.966071,-87.718536
"1629 E Hyde Park Blvd Apt 3 Chicago, IL 60615",300000.0,3.0,3.0,2000.0,41.8021498,-87.5858121
"143 Oakhurst Rd Matteson, IL 60443",93000.0,4.0,2.5,2000.0,41.5230597,-87.75922729999999
"1342 W Grenshaw St # 1 Chicago, IL 60607",360000.0,3.0,2.5,2000.0,41.868007,-87.660742
"8132 Concord Ln Unit D Justice, IL 60458",164500.0,3.0,2.5,2000.0,41.7421655,-87.8432115
"4554 N Paulina St Apt 6 Chicago, IL 60640",500000.0,3.0,2.5,2000.0,41.9650298,-87.6713595
"2746 N Wolcott Ave Apt 1N Chicago, IL 60614",442500.0,3.0,2.5,2000.0,41.9311275,-87.67535339999999
"1410 N State Pkwy Apt 8A Chicago, IL 60610",670000.0,3.0,2.5,2000.0,41.9082411,-87.62924249999999
"2700 N Mildred Ave # 3 Chicago, IL 60614",645000.0,3.0,2.5,2000.0,41.9314119,-87.65170719999999
"2450 N Racine Ave Chicago, IL 60614",525000.0,3.0,2.5,2000.0,41.926805,-87.658829
"1939 Sherman Ave Apt 3E Evanston, IL 60201",746000.0,3.0,2.5,2000.0,42.0534636,-87.6812078
"3150 N Lake Shore Dr Apt 10A Chicago, IL 60657",770000.0,3.0,2.5,2000.0,41.9390209,-87.638854
"1434 W Hollywood Ave Apt G Chicago, IL 60660",320000.0,2.0,2.5,2000.0,41.985712,-87.666403
"2111 W Churchill St Apt 113 Chicago, IL 60647",695000.0,2.0,2.5,2000.0,41.9144067,-87.68065759999999
"855 W Erie St Apt 122 Chicago, IL 60642",455000.0,2.0,2.5,2000.0,41.8930292,-87.649447
"5555 S Everett Ave Apt C6 Chicago, IL 60637",169000.0,3.0,2.0,2000.0,41.7937498,-87.5820507
"2910 N Pine Grove Ave # 2 Chicago, IL 60657",545000.0,3.0,2.0,2000.0,41.934641,-87.642094
"11 S Wille St Apt 606 Mt Prospect, IL 60056",321000.0,3.0,2.0,2000.0,42.065593,-87.9375221
"934 W Agatite Ave Apt 2 Chicago, IL 60640",477500.0,3.0,2.0,2000.0,41.96295569999999,-87.65369930000001
"560 W Roscoe St Apt 2E Chicago, IL 60657",520000.0,3.0,2.0,2000.0,41.9435684,-87.6443546
"333 S Oak Park Ave Apt 1N Oak Park, IL 60302",250000.0,3.0,2.0,2000.0,41.8821469,-87.7946621
"817 W Lawrence Ave Apt 1 Chicago, IL 60640",359000.0,3.0,2.0,2000.0,41.968922,-87.650813
"547 Hill Ter Apt 302 Winnetka, IL 60093",387000.0,3.0,2.0,2000.0,42.0950591,-87.7255921
"920 W Barry Ave Apt 5 Chicago, IL 60657",672500.0,3.0,2.0,2000.0,41.9383732,-87.6525673
"4040 N Mozart St Unit 1 Chicago, IL 60618",415000.0,3.0,2.0,2000.0,41.9552112,-87.69984339999999
"1120 N Wood St Apt 1 Chicago, IL 60622",475000.0,3.0,2.0,2000.0,41.9020814,-87.6726494
"1813 S Clark St # K41 Chicago, IL 60616",465000.0,2.0,2.0,2000.0,41.85708839999999,-87.6297326
"1750 W Julian St Apt 6 Chicago, IL 60622",450000.0,2.0,2.0,2000.0,41.9084371,-87.672187
"1000 W Washington Blvd Unit 336 Chicago, IL 60607",690000.0,2.0,2.0,2000.0,41.8834409,-87.6527871
"5560 Cloverdale Rd Hanover Park, IL 60133",260000.0,3.0,3.0,1976.0,41.9732788,-88.12554709999999
"392 W Wood St # 23 Palatine, IL 60067",350000.0,3.0,3.5,1965.0,42.1141843,-88.05373519999999
"1920 N Stanton Ct # 62 Arlington Heights, IL 60004",353000.0,3.0,3.5,1960.0,42.1107402,-87.9854909
"1740 N Marshfield Ave Apt 3 Chicago, IL 60622",500000.0,2.0,2.0,1955.0,41.91364859999999,-87.66931459999999
"250 E Pearson St Apt 1501 Chicago, IL 60611",1005000.0,2.0,2.5,1950.0,41.8979202,-87.6189597
"2051 Middlefork Rd Northfield, IL 60093",745000.0,4.0,2.5,1933.0,42.111043,-87.779996
"333 W Hubbard St Apt 901 Chicago, IL 60654",799000.0,2.0,2.0,1907.0,41.8897079,-87.6360511
"3800 N Lake Shore Dr # 10B Chicago, IL 60613",640000.0,2.0,2.5,1905.0,41.9526525,-87.64551089999999
"622 Grove Ln Forest Park, IL 60130",324000.0,3.0,2.5,1904.0,41.8747873,-87.8181015
"530 N Lake Shore Dr Apt 1004 Chicago, IL 60611",725000.0,3.0,3.0,1901.0,41.8921476,-87.61503719999999
"530 N Lake Shore Dr Apt 1204 Chicago, IL 60611",840000.0,3.0,3.0,1901.0,41.8921476,-87.61503719999999
"4026 N Clarendon Ave Apt 1N Chicago, IL 60613",368000.0,2.0,3.0,1900.0,41.95537969999999,-87.6501359
"766 Stonewall Ct Schaumburg, IL 60173",325000.0,3.0,2.5,1900.0,42.039997,-88.061781
"2769 Langley Cir Glenview, IL 60026",594000.0,3.0,2.5,1900.0,42.0785575,-87.8283416
"1939 W Division St Apt R4 Chicago, IL 60622",660000.0,3.0,2.0,1900.0,41.9029159,-87.6763574
"15713 Old Orchard Ct Unit 2N Orland Park, IL 60462",179000.0,3.0,2.0,1900.0,41.6042577,-87.82062479999999
"333 W Hubbard St Apt 813 Chicago, IL 60654",799000.0,2.0,2.0,1900.0,41.8897079,-87.6360511
"512 N Claremont Ave # 3 Chicago, IL 60612",420000.0,3.0,1.5,1900.0,41.8910879,-87.6857426
"333 N Jefferson St Apt 502 Chicago, IL 60661",315000.0,3.0,2.5,1883.0,41.8878211,-87.64239350000001
"2030 N Halsted St Apt 2N Chicago, IL 60614",715000.0,2.0,2.0,1876.0,41.9191249,-87.64892189999999
"1926 S Wabash Ave Unit 4 Chicago, IL 60616",499000.0,3.0,2.0,1875.0,41.855725,-87.62597129999999
"7411 W 114th St Worth, IL 60482",345000.0,4.0,2.5,1874.0,41.6840556,-87.8026522
"1737 N Paulina St Apt 301 Chicago, IL 60622",590000.0,2.0,2.0,1859.0,41.9136452,-87.6700182
"2142 W Jackson Blvd # 2 Chicago, IL 60612",260000.0,3.0,2.5,1850.0,41.8777956,-87.68066859999999
"1300 W Altgeld St # P14 Chicago, IL 60614",100000.0,2.0,2.5,1850.0,41.9278616,-87.6609908
"4359 N Campbell Ave Chicago, IL 60618",459000.0,2.0,2.5,1850.0,41.9611123,-87.6915921
"1621 W Rascher Ave Apt 1 Chicago, IL 60640",418000.0,3.0,2.0,1850.0,41.9804628,-87.67062949999999
"3346 N Sheffield Ave Apt 4S Chicago, IL 60657",579000.0,2.0,2.0,1850.0,41.943128,-87.654566
"2867 W Palmer St Apt 2 Chicago, IL 60647",430000.0,2.0,2.0,1815.0,41.9213854,-87.6998097
"4545 W Touhy Ave # 709E Lincolnwood, IL 60712",430000.0,2.0,2.0,1810.0,42.010877,-87.741737
"4853 W Race Ave # 55 Chicago, IL 60644",3500.0,5.0,2.0,1804.0,41.890194,-87.747783
"2451 N Clybourn Ave Apt 11 Chicago, IL 60614",510000.0,3.0,3.0,1800.0,41.9265392,-87.67067779999999
"900 W Agatite Ave Apt 2 Chicago, IL 60640",362000.0,3.0,3.0,1800.0,41.9629716,-87.6525865
"1137 W Roscoe St # 1137 Chicago, IL 60657",480000.0,3.0,3.0,1800.0,41.942699,-87.6585659
"210 E Pearson St Apt 12C Chicago, IL 60611",537500.0,3.0,2.5,1800.0,41.89782539999999,-87.6212025
"909 W Diversey Pkwy Chicago, IL 60614",597000.0,3.0,2.5,1800.0,41.9323352,-87.6518317
"630 N State St Chicago, IL 60654",770000.0,3.0,2.5,1800.0,41.89374129999999,-87.62843389999999
"330 W Grand Ave # P18 Chicago, IL 60654",620000.0,3.0,2.5,1800.0,41.8917906,-87.636697
"1029 N Wolcott Ave # 3 Chicago, IL 60622",525000.0,2.0,2.5,1800.0,41.9004617,-87.6743904
"1020 W Armitage Ave Apt 3B Chicago, IL 60614",725000.0,2.0,2.5,1800.0,41.918218,-87.6542109
"147 N Rose St Palatine, IL 60067",323000.0,2.0,2.5,1800.0,42.1136643,-88.0520197
"1137 N Wood St Apt 1E Chicago, IL 60622",550000.0,2.0,2.5,1800.0,41.9026071,-87.6720581
"4452 S University Ave Apt 2 Chicago, IL 60653",275000.0,3.0,2.0,1800.0,41.8134378,-87.5983534
"4400 N Paulina St Apt 2A Chicago, IL 60640",405000.0,3.0,2.0,1800.0,41.9617717,-87.6712388
"4230 S King Dr Apt 3N Chicago, IL 60653",205000.0,3.0,2.0,1800.0,41.817454,-87.617458
"2230 N Kenmore Ave # 2 Chicago, IL 60614",490000.0,3.0,2.0,1800.0,41.9226597,-87.65508810000001
"2778 W Francis Pl # G2 Chicago, IL 60647",259000.0,3.0,2.0,1800.0,41.9183864,-87.69693079999999
"3200 N Lake Shore Dr Apt 2007 Chicago, IL 60657",465000.0,3.0,2.0,1800.0,41.9406554,-87.6398821
"6334 N Sheridan Rd Apt 3F Chicago, IL 60660",380000.0,3.0,2.0,1800.0,41.997615,-87.65602899999999
"2147 N Kenmore Ave # 1B Chicago, IL 60614",490000.0,3.0,2.0,1800.0,41.9213668,-87.65446709999999
"31 E Elm St Apt 3A Chicago, IL 60611",845000.0,3.0,2.0,1800.0,41.9029588,-87.62763989999999
"4910 S Vincennes Ave # 3 Chicago, IL 60615",155000.0,3.0,2.0,1800.0,41.8053248,-87.6142218
"820 N California Ave Apt 4 Chicago, IL 60622",375000.0,3.0,2.0,1800.0,41.89634789999999,-87.69706359999999
"55 E Erie St Apt 2704 Chicago, IL 60611",970000.0,3.0,2.0,1800.0,41.8938978,-87.6260539
"5371 W Lawrence Ave Apt 3 Chicago, IL 60630",278000.0,2.0,2.0,1800.0,41.9673403,-87.76222349999999
"1000 W Diversey Pkwy Apt 3A Chicago, IL 60614",450000.0,2.0,1.5,1800.0,41.932886,-87.65418199999999
"9365 Windsor Pkwy # 158 Tinley Park, IL 60487",169500.0,2.0,1.5,1800.0,41.5722286,-87.845734
"3118 N Lincoln Ave Apt 4B Chicago, IL 60657",530000.0,3.0,2.0,1790.0,41.9382223,-87.66709039999999
"21 E Huron St Apt 1702 Chicago, IL 60611",1030000.0,2.0,2.5,1786.0,41.8945046,-87.62712959999999
"21 E Huron St Apt 2406 Chicago, IL 60611",1000000.0,2.0,2.5,1786.0,41.8945046,-87.62712959999999
"1501 N State Pkwy Apt 10C Chicago, IL 60610",635000.0,2.0,2.0,1785.0,41.909779,-87.628438
"1870 Dogwood Dr Hoffman Estates, IL 60192",265000.0,3.0,2.0,1782.0,42.0922725,-88.12576410000001
"4603 N Racine Ave Apt 302 Chicago, IL 60640",419000.0,3.0,2.0,1780.0,41.96563200000001,-87.6593757
"55 E Erie St Apt 2604 Chicago, IL 60611",980000.0,3.0,2.0,1762.0,41.8938978,-87.6260539
"33 W Huron St Apt 304 Chicago, IL 60654",770000.0,2.0,2.0,1761.0,41.8946394,-87.6290971
"4740 S Paulina St Chicago, IL 60609",110000.0,4.0,4.0,1758.0,41.8073539,-87.667703
"6430 W Berteau Ave Apt 206 Chicago, IL 60634",229500.0,2.0,2.0,1756.0,41.957258,-87.788753
"567 W Parkside Dr Palatine, IL 60067",275000.0,3.0,2.5,1750.0,42.09127180000001,-88.05648959999999
"1122 N Dearborn St # P40 Chicago, IL 60610",800000.0,3.0,2.5,1750.0,41.9024925,-87.6303885
"3410 S Calumet Ave Apt 4 Chicago, IL 60616",215000.0,3.0,2.0,1750.0,41.8325099,-87.6184938
"2139 W Roscoe St Unit 2E Chicago, IL 60618",555000.0,3.0,2.0,1750.0,41.9429466,-87.68242099999999
"1120 W Oakdale Ave Apt 1F Chicago, IL 60657",467000.0,3.0,2.0,1750.0,41.9354881,-87.6573616
"843 W Gunnison St Apt 2W Chicago, IL 60640",395000.0,2.0,2.0,1750.0,41.96984519999999,-87.6517485
"1875 Old Willow Rd Unit 131 Northfield, IL 60093",425000.0,2.0,2.0,1750.0,42.1034352,-87.77262879999999
"1035 W Huron St Apt 504 Chicago, IL 60642",448000.0,2.0,2.0,1750.0,41.8941811,-87.6538882
"3401 N Carriageway Dr Unit 205 Arlington Heights, IL 60004",251500.0,2.0,2.0,1723.0,42.1378149,-87.97126519999999
"6624 Martin France Cir Apt 3A Tinley Park, IL 60477",65000.0,2.0,2.0,1720.0,41.5595055,-87.7798305
"3755 N Racine Ave Apt 3D Chicago, IL 60613",515000.0,3.0,2.5,1719.0,41.950494,-87.658895
"100 E Huron St Apt 3103 Chicago, IL 60611",765000.0,2.0,3.0,1717.0,41.8953549,-87.6249465
"656 W Buckingham Pl Apt 1E Chicago, IL 60657",442000.0,3.0,2.5,1700.0,41.9429202,-87.6467443
"211 E Ohio St Apt 2807 Chicago, IL 60611",605000.0,3.0,2.5,1700.0,41.8922568,-87.6215818
"1505 N Artesian Ave # 2 Chicago, IL 60622",423000.0,3.0,2.5,1700.0,41.9105074,-87.66871809999999
"960 Enfield Dr # 3-F4 Northbrook, IL 60062",335000.0,3.0,2.5,1700.0,42.110671,-87.804232
"1887 N Poe St Apt 1F Chicago, IL 60614",535000.0,2.0,2.5,1700.0,41.916381,-87.6544811
"2011 W Concord Pl Apt A Chicago, IL 60647",435000.0,2.0,2.5,1700.0,41.9114087,-87.6780232
"4417 N Malden St Chicago, IL 60640",365000.0,3.0,2.0,1700.0,41.962292,-87.66195900000001
"4419 N Beacon St Apt 3N Chicago, IL 60640",380000.0,3.0,2.0,1700.0,41.9622743,-87.6633179
"1332 W Madison St Apt 3E Chicago, IL 60607",680000.0,3.0,2.0,1700.0,41.8817665,-87.66104229999999
"646 E 51st St Apt 3E Chicago, IL 60615",164000.0,3.0,2.0,1700.0,41.8024109,-87.6093698
"615 N Noble St Apt 2S Chicago, IL 60642",489000.0,3.0,2.0,1700.0,41.89308,-87.662024
"1257 N Campbell Ave Apt 4 Chicago, IL 60622",415000.0,3.0,2.0,1700.0,41.9047141,-87.6892033
"812 W Waveland Ave Apt 2 Chicago, IL 60613",487000.0,3.0,2.0,1700.0,41.9493974,-87.6501335
"1030 N State St Apt 12M Chicago, IL 60610",635000.0,3.0,2.0,1700.0,41.9012852,-87.6289091
"1749 N Wells St Apt 1610 Chicago, IL 60614",624000.0,2.0,2.0,1700.0,41.9143127,-87.6343318
"70 E 18th St Unit 4D Chicago, IL 60616",465000.0,2.0,2.0,1700.0,41.858001,-87.6244229
"630 W Wrightwood Ave Apt 2W Chicago, IL 60614",578000.0,2.0,2.0,1700.0,41.929704,-87.644165
"411 S Sangamon St Apt 6C Chicago, IL 60607",565000.0,2.0,1.0,1700.0,41.8762765,-87.65037099999999
"11230 Sycamore Ln # 59C Palos Hills, IL 60465",144500.0,3.0,2.0,1696.0,41.6866733,-87.82234129999999
"1825 N Winnebago Ave # P-12 Chicago, IL 60647",493000.0,3.0,2.0,1687.0,41.9145695,-87.6851168
"680 N Lake Shore Dr Apt 1407 Chicago, IL 60611",580000.0,2.0,1.5,1682.0,41.894655,-87.616704
"1225 Court C Hanover Park, IL 60133",174000.0,4.0,2.5,1680.0,41.972905,-88.132596
"1737 N Paulina St Apt 303 Chicago, IL 60622",427500.0,2.0,1.5,1680.0,41.9136452,-87.6700182
"222 N Columbus Dr Apt 4901 Chicago, IL 60601",760000.0,3.0,2.5,1675.0,41.8865605,-87.6215903
"100 E Huron St Apt 4301 Chicago, IL 60611",825000.0,2.0,2.5,1657.0,41.89533,-87.624926
"701 S Wells St Apt 3106 Chicago, IL 60607",530000.0,3.0,2.5,1652.0,41.873193,-87.6333
"2554 W Logan Blvd Apt 302 Chicago, IL 60647",425000.0,3.0,2.0,1650.0,41.929064,-87.692467
"1117 W Armitage Ave Apt 2W Chicago, IL 60614",630000.0,2.0,2.0,1650.0,41.917835,-87.656219
"5201 S Blackstone Ave Apt 1W Chicago, IL 60615",255000.0,2.0,2.0,1650.0,41.8007599,-87.59014599999999
"7601 Lincoln Ave Apt 508 Skokie, IL 60077",162000.0,2.0,2.0,1650.0,42.01959,-87.748499
"411 S Sangamon St Apt 4B Chicago, IL 60607",490000.0,2.0,2.0,1650.0,41.876258,-87.650341
"3150 N Lake Shore Dr Apt 23D Chicago, IL 60657",425000.0,2.0,2.0,1650.0,41.9390209,-87.638854
"3150 N Lake Shore Dr Apt 25D Chicago, IL 60657",390000.0,2.0,2.0,1650.0,41.9390209,-87.638854
"1244 W Fullerton Ave Chicago, IL 60614",444000.0,2.0,1.5,1650.0,41.925562,-87.660188
"1335 W Altgeld St Apt 2D Chicago, IL 60614",445000.0,2.0,1.5,1650.0,41.926792,-87.662107
"165 N Canal St Apt 1313 Chicago, IL 60606",530000.0,2.0,2.0,1648.0,41.885073,-87.639392
"3400 N Lake Shore Dr Apt 5F Chicago, IL 60657",585000.0,2.0,2.0,1640.0,41.943606,-87.64133
"1601 W Altgeld St Apt 2C Chicago, IL 60614",426000.0,3.0,2.0,1630.0,41.926749,-87.66858
"936 Violet Dr Hanover Park, IL 60133",220000.0,3.0,3.5,1616.0,41.973761,-88.126269
"904 Violet Dr Hanover Park, IL 60133",263000.0,3.0,3.5,1616.0,41.973703,-88.125796
"1069 W 14th Pl Unit 323 Chicago, IL 60608",474000.0,3.0,2.0,1616.0,41.862272,-87.652923
"6336 N Rockwell St Apt 3 Chicago, IL 60659",200000.0,3.0,3.5,1600.0,41.996931,-87.695091
"609 W Stratford Pl Apt 6C Chicago, IL 60657",415000.0,3.0,2.5,1600.0,41.944817,-87.6448171
"1834 N Halsted St Apt C Chicago, IL 60614",515000.0,2.0,2.5,1600.0,41.914834,-87.648749
"1820 W Norwood St Apt A Chicago, IL 60660",289000.0,2.0,2.5,1600.0,41.992267,-87.676255
"3953 N Hermitage Ave # C Chicago, IL 60613",495000.0,2.0,2.5,1600.0,41.95394,-87.672315
"110 E Delaware Pl Apt 1204 Chicago, IL 60611",365000.0,2.0,2.5,1600.0,41.899393,-87.625666
"3543 N Bosworth Ave Apt D Chicago, IL 60657",580000.0,3.0,2.0,1600.0,41.946444,-87.66727
"1640 E 50th St Apt 13B Chicago, IL 60615",85000.0,3.0,2.0,1600.0,41.804637,-87.584839
"247 E Chestnut St Apt 1201 Chicago, IL 60611",430000.0,3.0,2.0,1600.0,41.8982108,-87.6199627
"1056 W Lawrence Ave Apt 2C Chicago, IL 60640",333000.0,2.0,2.0,1600.0,41.969288,-87.657051
"3925 Triumvera Dr Apt 8E Glenview, IL 60025",151000.0,2.0,2.0,1600.0,42.06831,-87.853922
"4250 N Mozart St # 3N Chicago, IL 60618",327000.0,2.0,2.0,1600.0,41.9591179,-87.69996599999999
"1640 E 50th St Apt 5A Chicago, IL 60615",64500.0,2.0,2.0,1600.0,41.804637,-87.584839
"11911 Windemere Ct Apt 104 Orland Park, IL 60467",208000.0,2.0,2.0,1600.0,41.630708,-87.908769
"11910 Windemere Ct Apt 404 Orland Park, IL 60467",211000.0,2.0,2.0,1600.0,41.6299802,-87.91020619999999
"77 E 16th St # 77-2 Chicago, IL 60616",410000.0,2.0,2.0,1600.0,41.859965,-87.624281
"2820 N Sheffield Ave Apt 4S Chicago, IL 60657",625000.0,2.0,2.0,1600.0,41.933311,-87.654231
"1237 W Farwell Ave Apt 2E Chicago, IL 60626",300000.0,2.0,2.0,1600.0,42.0064827,-87.6626982
"1840 W Diversey Pkwy Apt H Chicago, IL 60614",412500.0,2.0,2.0,1600.0,41.932371,-87.67428
"630 W Wrightwood Ave Side 1E Chicago, IL 60614",475000.0,2.0,2.0,1600.0,41.929704,-87.644165
"9240 Gross Point Rd Apt 205A Skokie, IL 60077",161000.0,2.0,2.0,1600.0,42.049489,-87.748112
"6743 S Pointe Dr Unit 2D Tinley Park, IL 60477",174000.0,2.0,2.0,1600.0,41.555745,-87.782754
"1813 S Clark St Apt 35 Chicago, IL 60616",430000.0,2.0,2.0,1600.0,41.85708839999999,-87.6297326
"3109 W Sunnyside Ave Apt 1 Chicago, IL 60625",285000.0,1.0,2.0,1600.0,41.962844,-87.706206
"1702 N Dayton St Apt 2 Chicago, IL 60614",685500.0,3.0,1.5,1600.0,41.91289,-87.649885
"1839 N Bissell St # 3 Chicago, IL 60614",437000.0,2.0,1.5,1600.0,41.9148917,-87.65174499999999
"5055 Madison St Skokie, IL 60077",245000.0,2.0,2.0,1597.0,42.0317879,-87.7542292
"5821 Chatsworth Ct Hanover Park, IL 60133",280000.0,3.0,2.0,1587.0,41.978452,-88.144524
"5240 Arlington Cir # C1 Hanover Park, IL 60133",249000.0,3.0,2.0,1587.0,41.9688051,-88.13773619999999
"2601 Central St Unit 501 Evanston, IL 60201",345000.0,2.0,2.0,1586.0,42.064736,-87.709382
"7201 N Lincoln Ave Apt 211 Lincolnwood, IL 60712",188000.0,2.0,2.0,1585.0,42.012217,-87.73906
"410 W Mahogany Ct Unit 409 Palatine, IL 60067",215000.0,2.0,2.0,1583.0,42.114647,-88.054079
"3944 N Claremont Ave Unit 408 Chicago, IL 60618",430000.0,3.0,2.0,1581.0,41.953441,-87.687843
"360 E Randolph St Apt 3604 Chicago, IL 60601",1375000.0,2.0,2.0,1580.0,41.884876,-87.617933
"8100 W Foster Ln Apt 303 Niles, IL 60714",220000.0,2.0,2.0,1570.0,42.052803,-87.829112
"1749 N Wells St Apt 813 Chicago, IL 60614",566000.0,2.0,2.5,1550.0,41.914211,-87.633923
"1749 N Wells St Apt 613 Chicago, IL 60614",547500.0,2.0,2.5,1550.0,41.914211,-87.633923
"990 N Lake Shore Dr Apt 10D Chicago, IL 60611",560000.0,2.0,2.0,1550.0,41.900308,-87.619441
"2449 W Logan Blvd Apt 3N Chicago, IL 60647",362500.0,2.0,2.0,1550.0,41.9279296,-87.68968009999999
"18428 Millennium Dr Tinley Park, IL 60477",181000.0,2.0,1.5,1550.0,41.55658,-87.785062
"407 N Elizabeth St Apt 202 Chicago, IL 60642",484000.0,2.0,1.5,1550.0,41.889259,-87.658618
"680 N Lake Shore Dr Apt 410 Chicago, IL 60611",390000.0,1.0,1.5,1548.0,41.894655,-87.616704
"901 Huntington Dr Elk Grove Village, IL 60007",265000.0,3.0,2.5,1546.0,42.002005,-88.029644
"16001 S 88th Ave Unit 403 Orland Park, IL 60462",158500.0,2.0,2.0,1545.0,41.600169,-87.832433
"1321 N Bosworth Ave Chicago, IL 60642",490000.0,2.0,2.0,1538.0,41.905799,-87.665914
"4707 N Kenmore Ave # 3-N Chicago, IL 60640",362500.0,2.0,2.0,1534.0,41.967545,-87.65583699999999
"5300 N Lincoln Ave Apt 2D Chicago, IL 60625",423500.0,3.0,2.0,1527.0,41.977657,-87.692816
"1524 S Sangamon St Unit 808-S Chicago, IL 60608",365000.0,3.0,2.0,1525.0,41.860832,-87.649813
"38 6th Ave Apt A3 La Grange, IL 60525",240000.0,2.0,1.5,1523.0,41.814884,-87.868682
"79 E 16th St Unit 3 Chicago, IL 60616",152000.0,2.0,2.0,1520.0,41.860008,-87.62419
"18245 66th Ct Apt 3A Tinley Park, IL 60477",158000.0,2.0,2.0,1520.0,41.559828,-87.778775
"4420 N Malden St Apt 2 Chicago, IL 60640",379500.0,3.0,2.0,1516.0,41.962349,-87.662735
"1235 S Prairie Ave Apt 504 Chicago, IL 60605",560000.0,2.0,2.0,1516.0,41.864189,-87.620857
"3041 S Michigan Ave Unit 504 Chicago, IL 60616",155000.0,3.0,2.5,1500.0,41.840243,-87.622578
"759 Scott Chicago, IL 60610",485000.0,3.0,2.5,1500.0,41.907237,-87.64766
"2217 N Oakley Ave Apt 1N Chicago, IL 60647",440000.0,2.0,2.5,1500.0,41.922436,-87.684566
"4736 N Lincoln Ave Apt 2S Chicago, IL 60625",516000.0,3.0,2.0,1500.0,41.96752679999999,-87.6880896
"1777 W Crystal Ln Unit 711 Mount Prospect, IL 60056",173000.0,3.0,2.0,1500.0,42.034067,-87.961134
"11221 S Kean Ave Palos Hills, IL 60465",166000.0,3.0,2.0,1500.0,41.686676,-87.845611
"1127 W Chestnut St Apt 1N Chicago, IL 60642",362500.0,2.0,2.0,1500.0,41.898091,-87.656309
"920 W Madison St Apt A6 Chicago, IL 60607",611500.0,2.0,2.0,1500.0,41.881963,-87.650347
"4890 N Ashland Ave Apt 2N Chicago, IL 60640",345000.0,2.0,2.0,1500.0,41.971468,-87.669976
"6933 N Kedzie Ave Apt 709 Chicago, IL 60645",131000.0,2.0,2.0,1500.0,42.007381,-87.708074
"505 Sheridan Rd Apt 3W Evanston, IL 60202",325000.0,2.0,2.0,1500.0,42.027536,-87.669778
"9386 Landings Ln Unit 206 Des Plaines, IL 60016",137000.0,2.0,2.0,1500.0,42.040825,-87.859588
"428 N Noble St Apt 3 Chicago, IL 60642",415000.0,2.0,2.0,1500.0,41.889731,-87.662521
"1610 W Fullerton Ave Unit 504 Chicago, IL 60614",450000.0,2.0,2.0,1500.0,41.925422,-87.668913
"4635 N Malden St Apt 3S Chicago, IL 60640",361000.0,2.0,2.0,1500.0,41.966318,-87.662069
"3561 W Lyndale St # 3W Chicago, IL 60647",340000.0,2.0,2.0,1500.0,41.9216999,-87.71607739999999
"1020 W Armitage Ave Apt 2A Chicago, IL 60614",790000.0,2.0,2.0,1500.0,41.918356,-87.654293
"1425 W Roscoe St Apt 3W Chicago, IL 60657",600000.0,2.0,2.0,1500.0,41.943146,-87.664918
"4315 N Kenmore Ave Apt 3N Chicago, IL 60613",370000.0,2.0,2.0,1500.0,41.960244,-87.655973
"1301 W Madison St Apt 501 Chicago, IL 60607",560000.0,2.0,2.0,1500.0,41.88124,-87.660296
"1127 W Chestnut St # 3-3-G Chicago, IL 60642",605000.0,2.0,2.0,1500.0,41.8982804,-87.6563989
"1717 W Newport Ave Apt 4 Chicago, IL 60657",457500.0,2.0,2.0,1500.0,41.9440257,-87.67204749999999
"1230 W Hood Ave # 2 Chicago, IL 60660",351500.0,2.0,2.0,1500.0,41.9938381,-87.6616225
"1255 N State Pkwy Apt 2E Chicago, IL 60610",499000.0,2.0,2.0,1500.0,41.9044,-87.62859
"312 N May St Apt 3F Chicago, IL 60607",500000.0,2.0,1.5,1500.0,41.887458,-87.655995
"1872 N Clybourn Ave Apt 112 Chicago, IL 60614",457000.0,2.0,1.5,1500.0,41.915025,-87.655973
"3445 N Elaine Pl Apt 2N Chicago, IL 60657",410000.0,3.0,1.0,1500.0,41.9449,-87.647375
"127 Washington Blvd Apt 2 Oak Park, IL 60302",122000.0,3.0,1.0,1500.0,41.881713,-87.779262
"8134 S Calumet Ave Chicago, IL 60619",102000.0,2.0,1.0,1500.0,41.746355,-87.616891
"2041 W Berwyn Ave # 3 Chicago, IL 60625",297500.0,2.0,1.0,1500.0,41.9775864,-87.6810923
"1476 Perry St Unit 302 Des Plaines, IL 60016",210000.0,2.0,2.0,1492.0,42.044071,-87.887389
"175 E Delaware Pl Apt 6910 Chicago, IL 60611",595000.0,2.0,2.0,1483.0,41.8989444,-87.6227945
"4616 W Waveland Ave Chicago, IL 60641",569750.0,3.0,2.5,1480.0,41.948221,-87.743207
"505 N Lake Shore Dr Apt 3708 Chicago, IL 60611",612000.0,2.0,2.0,1480.0,41.891511,-87.612291
"1610 E Andover Dr Hanover Park, IL 60133",218000.0,4.0,2.0,1476.0,41.980083,-88.143605
"3300 W Irving Park Rd Unit H2 Chicago, IL 60618",315000.0,3.0,2.0,1475.0,41.9541947,-87.710955
"5555 N Cumberland Ave Unit 703 Chicago, IL 60656",280000.0,2.0,2.0,1457.0,41.980736,-87.835572
"817 Hinman Ave Apt 2E Evanston, IL 60202",380000.0,1.0,1.5,1457.0,42.032849,-87.677059
"1440 S Michigan Ave Apt 418 Chicago, IL 60605",457000.0,3.0,2.5,1450.0,41.863119,-87.624532
"3427 Vollmer Rd Unit 204 Flossmoor, IL 60422",145000.0,3.0,2.0,1450.0,41.529115,-87.699981
"4250 N Marine Dr Apt 1436 Chicago, IL 60613",330000.0,2.0,2.0,1450.0,41.960138,-87.647691
"505 N Lake Shore Dr Apt 3912 Chicago, IL 60611",610000.0,2.0,2.0,1450.0,41.891511,-87.612291
"4150 N Sheridan Rd Chicago, IL 60613",400000.0,2.0,2.0,1450.0,41.95813,-87.655214
"2900 W Irving Park Rd Apt 404 Chicago, IL 60618",331000.0,2.0,2.0,1450.0,41.9542768,-87.7010323
"633 S Plymouth Ct Apt 302 Chicago, IL 60605",319000.0,1.0,1.5,1450.0,41.874188,-87.628498
"333 W Hubbard St Apt 912 Chicago, IL 60654",485000.0,2.0,2.0,1448.0,41.8897797,-87.6361052
"1501 S Indiana Ave Unit O Chicago, IL 60605",509000.0,2.0,2.5,1447.0,41.861754,-87.621585
"21 E Huron St Apt 1003 Chicago, IL 60611",705000.0,2.0,2.0,1446.0,41.89449,-87.62713
"203 S Sangamon St Apt 308 Chicago, IL 60607",555000.0,2.0,2.0,1445.0,41.87874,-87.650258
"1033 E 46th St Apt 302 Chicago, IL 60653",242500.0,2.0,2.0,1440.0,41.81081,-87.600407
"4005 N Kenmore Ave Apt 3 Chicago, IL 60613",324000.0,2.0,1.5,1440.0,41.9554781,-87.6564135
"833 W Belle Plaine Ave Apt 2 Chicago, IL 60613",415000.0,3.0,2.0,1438.0,41.957045,-87.65098
"2235 N Lister Ave Apt 202 Chicago, IL 60614",413000.0,3.0,2.0,1435.0,41.922297,-87.674761
"175 E Delaware Pl Apt 6906 Chicago, IL 60611",580000.0,2.0,2.0,1408.0,41.898944,-87.622794
"6245 W 90th Pl Oak Lawn, IL 60453",300000.0,3.0,1.5,1407.0,41.727547,-87.77758229999999
"330 W Diversey Pkwy Apt 502 Chicago, IL 60657",367500.0,3.0,2.0,1403.0,41.933328,-87.63862
"182 W Lake St Apt 2206 Chicago, IL 60601",412000.0,2.0,2.0,1403.0,41.8860246,-87.63372559999999
"1801 S Michigan Ave Unit 206 Chicago, IL 60616",450000.0,2.0,2.5,1400.0,41.857641,-87.62347
"1500 N La Salle Dr Apt 1D Chicago, IL 60610",467500.0,3.0,2.0,1400.0,41.9103,-87.633224
"950 E Wilmette Rd # AV409 Palatine, IL 60074",156000.0,3.0,2.0,1400.0,42.10389199999999,-88.02048669999999
"1547 W Farwell Ave Chicago, IL 60626",246000.0,3.0,2.0,1400.0,42.006341,-87.66974
"7043 W 74th Pl Chicago, IL 60638",370000.0,3.0,2.0,1400.0,41.756103,-87.797167
"1500 N La Salle Dr Apt 1B Chicago, IL 60610",420000.0,2.0,2.0,1400.0,41.909379,-87.633409
"2840 W Hollywood Ave Apt 1W Chicago, IL 60659",226000.0,2.0,2.0,1400.0,41.985089,-87.700785
"1212 N Wells St Apt 1305 Chicago, IL 60610",477500.0,2.0,2.0,1400.0,41.904327,-87.635162
"1526 W Chicago Ave Apt 2 Chicago, IL 60642",430000.0,2.0,2.0,1400.0,41.8963542,-87.6659952
"1326 W Belmont Ave # 2 Chicago, IL 60657",435000.0,2.0,2.0,1400.0,41.9399843,-87.66231289999999
"11 N Green St Unit 2C Chicago, IL 60607",560000.0,2.0,2.0,1400.0,41.882225,-87.6482
"701 W Jackson Blvd Apt 304 Chicago, IL 60661",470500.0,2.0,2.0,1400.0,41.877721,-87.644324
"2135 N Southport Ave Apt 102 Chicago, IL 60614",349000.0,2.0,2.0,1400.0,41.921048,-87.662853
"7801 Niles Center Rd Apt 101 Skokie, IL 60077",160000.0,2.0,2.0,1400.0,42.023056,-87.756969
"2119 N Damen Ave Apt 3 Chicago, IL 60647",490000.0,2.0,2.0,1400.0,41.920231,-87.677358
"1144 W Diversey Pkwy Apt 4 Chicago, IL 60614",527000.0,2.0,2.0,1400.0,41.932834,-87.657662
"1 Renaissance Pl Unit 1100 Palatine, IL 60067",137000.0,2.0,2.0,1400.0,42.123574,-88.038207
"4250 N Marine Dr Apt 2315 Chicago, IL 60613",300000.0,2.0,2.0,1400.0,41.960138,-87.647691
"1250 N Dearborn St Apt 12A Chicago, IL 60610",465000.0,2.0,2.0,1400.0,41.905413,-87.630445
"3758 N Fremont St # 2 Chicago, IL 60613",440000.0,2.0,2.0,1400.0,41.9507745,-87.6523589
"651 W Buckingham Pl # 2E Chicago, IL 60657",394000.0,2.0,1.5,1400.0,41.94249500000001,-87.646484
"5823 N Ravenswood Ave Apt 101 Chicago, IL 60660",310000.0,2.0,1.5,1400.0,41.987777,-87.67422
"1831 N Fremont St # 2F Chicago, IL 60614",3495000.0,2.0,1.5,1400.0,41.9148104,-87.6506081
"1000 W Washington Blvd Unit 517 Chicago, IL 60607",10250000.0,1.0,1.5,1400.0,41.88379399999999,-87.6527085
"1640 E 50th St Apt 22A Chicago, IL 60615",135000.0,1.0,1.5,1400.0,41.804637,-87.584839
"606 W Aldine Ave Apt 3E Chicago, IL 60657",450000.0,2.0,1.0,1400.0,41.942124,-87.644859
"312 Wisconsin Ave # 3S Oak Park, IL 60302",279500.0,2.0,1.0,1400.0,41.8826756,-87.80203759999999
"411 S Sangamon St # 52 Chicago, IL 60607",400000.0,2.0,1.0,1400.0,41.876276,-87.65037099999999
"1060 Shermer Rd Apt 28 Northbrook, IL 60062",281000.0,2.0,1.5,1396.0,42.1342884,-87.8204933
"2800 N Lake Shore Dr Apt 2116 Chicago, IL 60657",550000.0,2.0,2.0,1394.0,41.933244,-87.637119
"3634 N Fremont St Apt 4 Chicago, IL 60613",505000.0,2.0,2.0,1394.0,41.948317,-87.652303
"16001 S 88th Ave Unit 204 Orland Park, IL 60462",145000.0,2.0,2.0,1392.0,41.600162,-87.832435
"850 N Dewitt Pl Apt 12A Chicago, IL 60611",332000.0,2.0,2.0,1385.0,41.8982232,-87.62075899999999
"2146 W Madison St # 2 Chicago, IL 60612",242500.0,3.0,2.0,1380.0,41.8815237,-87.68097680000001
"1350 W Fullerton Ave Apt 414 Chicago, IL 60614",435000.0,2.0,2.0,1380.0,41.925458,-87.66241
"3631 N Halsted St Apt 208 Chicago, IL 60613",475000.0,2.0,2.0,1380.0,41.948288,-87.64902
"520 W Huron St Apt 120 Chicago, IL 60654",467000.0,2.0,2.0,1380.0,41.89509,-87.642251
"124 W Polk St Apt 702 Chicago, IL 60605",240000.0,2.0,1.0,1375.0,41.8723664,-87.6313543
"660 McHenry Rd Apt 105 Wheeling, IL 60090",185000.0,2.0,2.0,1372.0,42.145818,-87.942792
"7059 N Damen Ave # G Chicago, IL 60645",177500.0,2.0,1.0,1367.0,42.0104263,-87.6799982
"1802 Maple Ave Northbrook, IL 60062",349500.0,3.0,1.0,1365.0,42.125797,-87.824523
"1433 Perry St Apt 302 Des Plaines, IL 60016",200000.0,2.0,2.0,1360.0,42.043518,-87.888477
"218 S Laflin St Apt 101 Chicago, IL 60607",430000.0,2.0,1.5,1360.0,41.878653,-87.664483
"780 S Federal St Apt 208 Chicago, IL 60605",315000.0,2.0,2.0,1354.0,41.873061,-87.629898
"1640 Maple Ave Apt 1205 Evanston, IL 60201",405000.0,2.0,2.0,1353.0,42.048064,-87.68578
"1515 E 69th St Apt 3E Chicago, IL 60637",135000.0,3.0,2.0,1350.0,41.769419,-87.587347
"200 W Grand Ave Apt 1101 Chicago, IL 60654",485000.0,3.0,2.0,1350.0,41.89189,-87.634426
"4814 N Damen Ave Apt 309 Chicago, IL 60625",391500.0,2.0,2.0,1350.0,41.968973,-87.679554
"4911 N Lincoln Ave # 1 Chicago, IL 60625",317000.0,2.0,2.0,1350.0,41.9713004,-87.68991109999999
"1350 W Fullerton Ave # P-31 Chicago, IL 60614",612750.0,2.0,2.0,1350.0,41.9254577,-87.6621974
"4814 N Damen Ave Apt 409 Chicago, IL 60625",392000.0,2.0,2.0,1350.0,41.968973,-87.679554
"1729 N Clybourn Ave Ste 2G Chicago, IL 60614",382000.0,2.0,2.0,1350.0,41.912688,-87.651546
"2147 W Rice St Apt 2E Chicago, IL 60622",419000.0,2.0,2.0,1350.0,41.896496,-87.681333
"1440 N Lake Shore Dr Apt 29E Chicago, IL 60610",580000.0,2.0,2.0,1350.0,41.909005,-87.626579
"680 N Green St Apt 311 Chicago, IL 60642",365000.0,2.0,2.0,1350.0,41.894274,-87.649253
"2031 W Evergreen Ave Apt 3W Chicago, IL 60622",429000.0,2.0,2.0,1350.0,41.905702,-87.678585
"7305 W 61st Pl Summit, IL 60501",156000.0,3.0,1.0,1350.0,41.779703,-87.803881
"8809 W Golf Rd Apt 3H Niles, IL 60714",135000.0,1.0,1.0,1350.0,42.053039,-87.84611
"1212 N Wells St Apt 801 Chicago, IL 60610",485000.0,2.0,2.0,1341.0,41.904327,-87.635162
"470 W Mahogany Ct Unit 603 Palatine, IL 60067",195000.0,2.0,2.0,1340.0,42.115251,-88.05488
"470 W Mahogany Ct Unit 507 Palatine, IL 60067",191000.0,2.0,2.0,1340.0,42.1136,-88.057
"1749 N Wells St Apt 612 Chicago, IL 60614",515500.0,2.0,2.0,1340.0,41.914211,-87.633923
"440 W Mahogany Ct Unit 508 Palatine, IL 60067",195000.0,2.0,2.0,1337.0,42.115276,-88.054885
"1503 Crawford Ln Hanover Park, IL 60133",211000.0,4.0,2.0,1336.0,41.971777,-88.140815
"801 S Prospect Ave Park Ridge, IL 60068",380000.0,2.0,2.5,1334.0,42.001554,-87.832371
"3731 Dory Cir W Hanover Park, IL 60133",178500.0,3.0,1.5,1331.0,41.938916,-88.142387
"1448 Merrimac Ln S Hanover Park, IL 60133",175000.0,3.0,1.5,1331.0,41.939113,-88.143482
"1616 W Montrose Ave Apt 2E Chicago, IL 60613",334500.0,2.0,2.0,1330.0,41.96169,-87.66965
"2403 W Flournoy St Chicago, IL 60612",245000.0,2.0,1.5,1330.0,41.872717,-87.686601
"455 W Wood St Unit 305 Palatine, IL 60067",265000.0,2.0,2.0,1329.0,42.113392,-88.05474
"21 W Bradley St Des Plaines, IL 60016",345000.0,4.0,2.0,1326.0,42.043919,-87.921678
"500 S Clinton St Apt 232 Chicago, IL 60607",309500.0,2.0,2.0,1326.0,41.874851,-87.641703
"125 S Jefferson St Unit 1302 Chicago, IL 60661",458000.0,2.0,2.0,1326.0,41.879916,-87.641771
"2045 W Concord Pl Apt 502 Chicago, IL 60647",516000.0,2.0,2.0,1325.0,41.911225,-87.67925
"933 W Van Buren St Apt 404 Chicago, IL 60607",464000.0,2.0,2.0,1325.0,41.876226,-87.651248
"1000 W Adams St Apt 810 Chicago, IL 60607",530000.0,2.0,2.0,1323.0,41.879532,-87.6524
"1749 N Wells St Apt 806 Chicago, IL 60614",488500.0,2.0,2.0,1322.0,41.915036,-87.634736
"333 N Canal St Apt 1403 Chicago, IL 60606",461000.0,2.0,1.5,1316.0,41.887532,-87.639514
"1530 S State St Apt 611 Chicago, IL 60605",374000.0,2.0,2.0,1315.0,41.861051,-87.628181
"1000 W Adams St Apt 611 Chicago, IL 60607",510000.0,2.0,2.0,1305.0,41.8795264,-87.6524415
"21 W Chestnut St Apt 1601 Chicago, IL 60610",660000.0,2.0,2.0,1302.0,41.897671,-87.628824
"111 S Morgan St Apt 901 Chicago, IL 60607",530000.0,2.0,2.0,1302.0,41.879676,-87.651627
"3338 N Damen Ave # 2 Chicago, IL 60618",425000.0,2.0,2.5,1300.0,41.9425433,-87.67874289999999
"9819 S Keeler Ave Apt 2C Oak Lawn, IL 60453",125000.0,3.0,2.0,1300.0,41.713476,-87.72568
"812 S Miller St # 3S Chicago, IL 60607",315000.0,3.0,2.0,1300.0,41.87136599999999,-87.652575
"3249 N Racine Ave Apt 3 Chicago, IL 60657",460000.0,2.0,2.0,1300.0,41.941271,-87.658675
"2512 W Bloomingdale Ave Apt B Chicago, IL 60647",400000.0,2.0,2.0,1300.0,41.914125,-87.69056
"3454 N Ashland Ave Apt 4S Chicago, IL 60657",453000.0,2.0,2.0,1300.0,41.94499,-87.669173
"15 S Throop St Apt 301 Chicago, IL 60607",600000.0,2.0,2.0,1300.0,41.88145,-87.659365
"942 N Wolcott Ave Chicago, IL 60622",441000.0,2.0,2.0,1300.0,41.899046,-87.675051
"227 E Walton Pl Apt 9W Chicago, IL 60611",429000.0,2.0,2.0,1300.0,41.899882,-87.6207482
"1950 W Armitage Ave # 3 Chicago, IL 60622",491500.0,2.0,2.0,1300.0,41.9179983,-87.6771923
"2327 N Geneva Ter # 3 Chicago, IL 60614",459500.0,2.0,2.0,1300.0,41.9245171,-87.64360289999999
"101 Bar Harbour Rd Unit 2R Schaumburg, IL 60193",145000.0,2.0,2.0,1300.0,42.026719,-88.049644
"807 W University Ln Unit 3B Chicago, IL 60608",355000.0,2.0,2.0,1300.0,41.8633962,-87.6472109
"2911 N Western Ave Apt 411 Chicago, IL 60618",328000.0,2.0,2.0,1300.0,41.934248,-87.68744099999999
"1528 W Fargo Ave Apt 2S Chicago, IL 60626",186000.0,2.0,2.0,1300.0,42.0175385,-87.6691986
"4458 N Albany Ave # 3 Chicago, IL 60625",281000.0,2.0,2.0,1300.0,41.962867,-87.706182
"2605 S Indiana Ave Unit 1101 Chicago, IL 60616",160000.0,2.0,2.0,1300.0,41.84519,-87.621453
"106 S Ridgeland Ave Apt 402 Oak Park, IL 60302",330000.0,2.0,2.0,1300.0,41.886662,-87.784124
"6740 180th St Apt 2W Tinley Park, IL 60477",146000.0,2.0,2.0,1300.0,41.5638348,-87.78173389999999
"4649 N Dover St Apt 1 Chicago, IL 60640",300000.0,3.0,1.5,1300.0,41.966891,-87.665318
"100 E Lillian Ave Apt 2D Arlington Heights, IL 60004",160000.0,2.0,1.5,1300.0,42.108716,-87.982041
"2836 N Southport Ave # C Chicago, IL 60657",465000.0,2.0,1.5,1300.0,41.9335602,-87.6639793
"320 W Oakdale Ave Apt 403 Chicago, IL 60657",340000.0,2.0,1.5,1300.0,41.935888,-87.638034
"3320 N Lincoln Ave Chicago, IL 60657",251500.0,1.0,1.5,1300.0,41.942029,-87.670747
"1634 W Columbia Ave Apt 3N Chicago, IL 60626",195000.0,2.0,1.0,1300.0,42.004682,-87.672025
"811 N Racine Ave Chicago, IL 60642",326000.0,2.0,1.0,1300.0,41.896633,-87.657212
"4420 N Clark St Apt 204 Chicago, IL 60640",344000.0,2.0,2.0,1299.0,41.96232819999999,-87.66655949999999
"5669 Tiburon Ct Hanover Park, IL 60133",118000.0,3.0,1.5,1296.0,41.975635,-88.134811
"3616 N Janssen Ave Apt 2N Chicago, IL 60613",440000.0,2.0,2.0,1293.0,41.947606,-87.665594
"1740 N Marshfield Ave Apt 8 Chicago, IL 60622",392000.0,2.0,1.5,1290.0,41.913648,-87.669314
"1313 N Ritchie Ct Apt 504 Chicago, IL 60610",660000.0,2.0,2.0,1285.0,41.906182,-87.626273
"919 N Wolcott Ave # PU-4 Chicago, IL 60622",460000.0,2.0,2.0,1280.0,41.8983871,-87.6743326
"1111 S Wabash Ave Apt 803 Chicago, IL 60605",415000.0,2.0,2.0,1278.0,41.868692,-87.625378
"1339 W Lunt Ave Apt 3M Chicago, IL 60626",191000.0,2.0,2.0,1276.0,42.008788,-87.665018
"1560 Windjammer Ln Hanover Park, IL 60133",249000.0,3.0,2.0,1274.0,41.941106,-88.144902
"1308 Sea Biscuit Ln Hanover Park, IL 60133",216500.0,3.0,2.0,1268.0,41.970022,-88.134667
"515 Main St Apt 909 Evanston, IL 60202",345000.0,2.0,2.0,1268.0,42.034424,-87.678991
"550 W Fulton St Apt 206 Chicago, IL 60661",505000.0,2.0,2.0,1262.0,41.8870762,-87.641756
"2915 N Clybourn Ave Unit 201 Chicago, IL 60618",330000.0,2.0,2.0,1261.0,41.9346,-87.680923
"2843 W Belmont Ave Chicago, IL 60618",1300000.0,2.0,1.0,1260.0,41.939119,-87.69956
"9355 Irving Park Rd Apt 322 Schiller Park, IL 60176",161500.0,2.0,2.0,1258.0,41.95388,-87.861832
"1143 S Plymouth Ct Apt 105 Chicago, IL 60605",405000.0,2.0,2.5,1250.0,41.868756,-87.628112
"1115 S Plymouth Ct Apt 125 Chicago, IL 60605",310000.0,2.0,2.5,1250.0,41.869481,-87.628101
"2650 N Lakeview Ave Apt 3501 Chicago, IL 60614",460000.0,2.0,2.0,1250.0,41.93081,-87.640053
"1450 N Astor St Apt 10B Chicago, IL 60610",412000.0,2.0,2.0,1250.0,41.909262,-87.627934
"6933 N Kedzie Ave Apt 1113 Chicago, IL 60645",142000.0,2.0,2.0,1250.0,42.007381,-87.708074
"5415 N Sheridan Rd Apt 1901 Chicago, IL 60640",284500.0,2.0,2.0,1250.0,41.980252,-87.654617
"2254 W Adams St Apt 2 Chicago, IL 60612",199000.0,2.0,2.0,1250.0,41.878906,-87.683637
"801 S Plymouth Ct Apt 201 Chicago, IL 60605",332500.0,2.0,2.0,1250.0,41.871612,-87.628125
"71 E Division St Apt 901 Chicago, IL 60610",390000.0,2.0,2.0,1250.0,41.903785,-87.62613
"40 E 9th St Apt 1416 Chicago, IL 60605",300000.0,2.0,2.0,1250.0,41.871595,-87.626418
"247 W Scott St Apt 208 Chicago, IL 60610",465000.0,2.0,2.0,1250.0,41.9045741,-87.63660809999999
"613 N Noble St # 2 Chicago, IL 60642",365000.0,2.0,2.0,1250.0,41.8929622,-87.66194689999999
"40 E Delaware Pl Apt 501 Chicago, IL 60611",415000.0,2.0,2.0,1250.0,41.899395,-87.627235
"6642 S Kimbark Ave Apt 2S Chicago, IL 60637",179000.0,2.0,2.0,1250.0,41.7737774,-87.5948169
"701 W Jackson Blvd Apt 401A Chicago, IL 60661",400500.0,2.0,1.5,1250.0,41.87766,-87.64459
"6166 N Sheridan Rd Apt 26H Chicago, IL 60660",125000.0,2.0,1.5,1250.0,41.994301,-87.655937
"952 Pleasant St Apt 3G Oak Park, IL 60302",202500.0,2.0,1.0,1250.0,41.885749,-87.799339
"1473 W Foster Ave # 3 Chicago, IL 60640",315000.0,2.0,1.0,1250.0,41.97594400000001,-87.66749899999999
"5874 E Beverly Cir Hanover Park, IL 60133",120000.0,3.0,2.0,1248.0,41.979664,-88.140769
"5852 Chatsworth Ct Hanover Park, IL 60133",250000.0,3.0,2.0,1248.0,41.979139,-88.145033
"4710 N Elston Ave Apt 306 Chicago, IL 60630",229000.0,2.0,2.0,1245.0,41.966868,-87.738929
"655 W Irving Park Rd Apt 801 Chicago, IL 60613",315000.0,2.0,2.0,1240.0,41.954293,-87.647166
"3660 N Lake Shore Dr Apt 1701 Chicago, IL 60613",380000.0,2.0,2.0,1240.0,41.949586,-87.645865
"1330 W Monroe St Apt 310 Chicago, IL 60607",420000.0,2.0,1.0,1232.0,41.8812406,-87.6602961
"1685 Mill St Apt 301 Des Plaines, IL 60016",192000.0,2.0,1.0,1230.0,42.040446,-87.882248
"1000 W Leland Ave Apt 11B Chicago, IL 60640",375000.0,2.0,2.0,1228.0,41.967486,-87.655227
"5865 Charleston Ct Hanover Park, IL 60133",140000.0,4.0,2.0,1225.0,41.979184,-88.14308
"510 W Erie St Apt 1106 Chicago, IL 60654",467000.0,2.0,2.0,1225.0,41.894292,-87.64219
"222 N Columbus Dr Apt 2708 Chicago, IL 60601",405000.0,2.0,2.0,1225.0,41.886551,-87.621576
"2919 N Harlem Ave Apt 403 Chicago, IL 60707",210000.0,2.0,2.0,1223.0,41.93306399999999,-87.80620610000001
"2505 Prairie Ave Apt 3L Evanston, IL 60201",212000.0,2.0,2.0,1222.0,42.063546,-87.700181
"500 W Superior St Unit 613 Chicago, IL 60654",590000.0,2.0,2.0,1220.0,41.895775,-87.642217
"133 Patrick Ave # 1902C Willow Springs, IL 60480",216000.0,3.0,2.5,1219.0,41.7347229,-87.874656
"3890 Windjammer Ln Hanover Park, IL 60133",265000.0,4.0,2.0,1214.0,41.942571,-88.141079
"933 W Van Buren St Apt 416 Chicago, IL 60607",386000.0,2.0,2.0,1213.0,41.876197,-87.651184
"21 E Huron St Apt 3802 Chicago, IL 60611",650000.0,1.0,1.5,1210.0,41.89449,-87.62713
"1212 N Wells St Apt 804 Chicago, IL 60610",460000.0,2.0,2.0,1205.0,41.904327,-87.635162
"5538 N Glenwood Ave Apt A Chicago, IL 60640",487000.0,3.0,2.5,1200.0,41.982886,-87.665343
"345 Grissom Ct Hoffman Estates, IL 60169",157500.0,2.0,2.5,1200.0,42.04584,-88.087827
"1987 Gary Ct Unit C Schaumburg, IL 60193",170000.0,2.0,2.0,1200.0,41.997165,-88.120166
"345 W Fullerton Pkwy Apt 904 Chicago, IL 60614",330000.0,2.0,2.0,1200.0,41.925307,-87.638566
"1822 W Thomas St # 2 Chicago, IL 60622",395000.0,2.0,2.0,1200.0,41.9016413,-87.67331180000001
"2015 W Birchwood Ave # 3 Chicago, IL 60645",182000.0,2.0,2.0,1200.0,42.01774229999999,-87.68113079999999
"600 N Kingsbury St Apt 1510 Chicago, IL 60654",437500.0,2.0,2.0,1200.0,41.8929225,-87.6415651
"4536 N Sheridan Rd Apt 303 Chicago, IL 60640",299000.0,2.0,2.0,1200.0,41.96464,-87.655198
"4203 Quinlan Rd Apt 202B Glenview, IL 60025",183500.0,2.0,2.0,1200.0,42.065924,-87.854978
"1302 W Fillmore St Apt 3 Chicago, IL 60607",315000.0,2.0,2.0,1200.0,41.868818,-87.659437
"9428 S 77th Ct Apt 1B Hickory Hills, IL 60457",159000.0,2.0,2.0,1200.0,41.719966,-87.81224
"333 W Hubbard St Apt 3K Chicago, IL 60654",464000.0,2.0,2.0,1200.0,41.889707,-87.636051
"8425 W 95th St Apt 27 Hickory Hills, IL 60457",130000.0,2.0,2.0,1200.0,41.717968,-87.828214
"1239 N Maplewood Ave # 2 Chicago, IL 60622",353000.0,2.0,2.0,1200.0,41.9041951,-87.6904502
"6065 N Ridge Ave Unit 3 Chicago, IL 60660",298000.0,2.0,2.0,1200.0,41.991939,-87.673858
"334 Clearwater Ln Schaumburg, IL 60194",189000.0,2.0,2.0,1200.0,42.034628,-88.063964
"930 Ontario St Oak Park, IL 60302",208000.0,2.0,2.0,1200.0,41.89044,-87.799059
"4446 N Campbell Ave Apt Gn Chicago, IL 60625",210500.0,2.0,2.0,1200.0,41.962674,-87.691522
"1515 S Prairie Ave Unit 1216 Chicago, IL 60605",400000.0,2.0,2.0,1200.0,41.861716,-87.620284
"405 N Wabash Ave Unit 4509 Chicago, IL 60611",495000.0,2.0,2.0,1200.0,41.889768,-87.626012
"1400 N State Pkwy Apt 18A Chicago, IL 60610",240000.0,2.0,2.0,1200.0,41.907994,-87.62917
"4616 Kings Walk Dr Apt 2C Rolling Meadows, IL 60008",140500.0,2.0,2.0,1200.0,42.089403,-88.04182
"1462 W Bryn Mawr Ave # G Chicago, IL 60660",227500.0,2.0,2.0,1200.0,41.9837363,-87.6675334
"6301 N Richmond St Apt 1 Chicago, IL 60659",140000.0,2.0,2.0,1200.0,41.995896,-87.702874
"1409 W Cuyler Ave Apt 2W Chicago, IL 60613",426000.0,2.0,2.0,1200.0,41.955006,-87.66467
"380 Heather Ct Apt B1 Schaumburg, IL 60193",165000.0,2.0,2.0,1200.0,42.023048,-88.043541
"2416 W Cortez St # 2 Chicago, IL 60622",345000.0,2.0,2.0,1200.0,41.9004974,-87.6877162
"8700 W Evelyn Ln Apt 306 Chicago, IL 60656",152000.0,2.0,2.0,1200.0,41.977124,-87.844262
"495 E Fawn Ln Unit C Palatine, IL 60074",173000.0,2.0,2.0,1200.0,42.152031,-88.031799
"4601 N Monticello Ave Apt 1 Chicago, IL 60625",198000.0,2.0,2.0,1200.0,41.964878,-87.719018
"1344 W George St Apt T Chicago, IL 60657",350000.0,2.0,2.0,1200.0,41.934567,-87.663116
"1255 N Sandburg Ter Unit 302 Chicago, IL 60610",370000.0,2.0,2.0,1200.0,41.90564,-87.632049
"910 N Washtenaw Ave # 3 Chicago, IL 60622",315000.0,2.0,2.0,1200.0,41.8978846,-87.69464710000001
"211 E Ohio St Apt 511 Chicago, IL 60611",430000.0,2.0,2.0,1200.0,41.892217,-87.621566
"1900 Wilmette Ave Unit 3C Wilmette, IL 60091",160000.0,2.0,2.0,1200.0,42.0724012,-87.72307219999999
"18740 Hamlin Ave Flossmoor, IL 60422",150000.0,3.0,1.5,1200.0,41.548801,-87.708971
"2459 W Eastwood Ave Apt 3 Chicago, IL 60625",312500.0,2.0,1.5,1200.0,41.965464,-87.691007
"534 Westchester Rd Schaumburg, IL 60193",196500.0,2.0,1.5,1200.0,42.009572,-88.067614
"4446 N Wolcott Ave Apt 2A Chicago, IL 60640",320000.0,2.0,1.0,1200.0,41.962902,-87.676469
"5155 Madison St Unit 208 Skokie, IL 60077",212500.0,2.0,1.0,1198.0,42.03145,-87.755049
"2700 W Belmont Ave Unit 408 Chicago, IL 60618",316500.0,2.0,2.0,1195.0,41.939667,-87.695428
"9355 Irving Park Rd Apt 218 Schiller Park, IL 60176",159000.0,2.0,2.0,1193.0,41.95388,-87.861832
"873 N Larrabee St Apt 508 Chicago, IL 60610",385000.0,2.0,2.0,1190.0,41.898635,-87.642664
"125 E 13th St Unit 1412 Chicago, IL 60605",540000.0,2.0,2.0,1185.0,41.865548,-87.623072
"2045 N Kedzie Ave Apt C3 Chicago, IL 60647",397000.0,2.0,2.0,1180.0,41.918755,-87.706429
"2472 W Foster Ave Apt 407 Chicago, IL 60625",290000.0,2.0,2.0,1179.0,41.976161,-87.691923
"1111 S Wabash Ave Apt 808 Chicago, IL 60605",316000.0,1.0,1.5,1177.0,41.868692,-87.625378
"743 E Higgins Rd Elk Grove Village, IL 60007",2252500.0,3.0,1.0,1176.0,42.026968,-87.978463
"1301 W Madison St Apt 407 Chicago, IL 60607",393500.0,2.0,1.0,1168.0,41.88124,-87.660296
"1018 Main St Apt 2 Evanston, IL 60202",246000.0,2.0,2.0,1161.0,42.033772,-87.686224
"680 N Green St Apt 610 Chicago, IL 60642",343000.0,2.0,2.0,1160.0,41.8943912,-87.6493359
"1796 Bristol Walk Hoffman Estates, IL 60169",121000.0,2.0,1.5,1158.0,42.055593,-88.123283
"811 W 15th Pl Unit 403 Chicago, IL 60608",295000.0,2.0,2.0,1151.0,41.860805,-87.647774
"1735 W Diversey Pkwy Apt 316 Chicago, IL 60614",350000.0,2.0,2.0,1150.0,41.9321873,-87.6725859
"195 N Harbor Dr Apt 1809 Chicago, IL 60601",533000.0,2.0,2.0,1150.0,41.885506,-87.614693
"655 W Irving Park Rd Apt 1901 Chicago, IL 60613",340000.0,2.0,2.0,1150.0,41.954293,-87.647166
"1540 N State Pkwy Apt 14A Chicago, IL 60610",261000.0,2.0,2.0,1150.0,41.910658,-87.629253
"1500 W Monroe St Unit 505 Chicago, IL 60607",342000.0,2.0,1.5,1150.0,41.880736,-87.664891
"3875 Shoal Dr Hanover Park, IL 60133",220000.0,3.0,2.0,1144.0,41.942373,-88.141509
"2105 E 67th St Apt G8 Chicago, IL 60649",40000.0,2.0,2.0,1144.0,41.773183,-87.573692
"333 N Canal St Apt 2905 Chicago, IL 60606",500000.0,1.0,1.5,1142.0,41.887532,-87.639514
"1904 W Dickens Ave # 1 Chicago, IL 60614",435000.0,3.0,2.5,1140.0,41.9197822,-87.6755845
"345 N La Salle Dr Apt 4204 Chicago, IL 60654",485000.0,2.0,2.0,1140.0,41.888835,-87.63189
"4832 S Loomis Blvd Chicago, IL 60609",197000.0,3.0,1.0,1140.0,41.805834,-87.660388
"57 E Delaware Pl Apt 1701 Chicago, IL 60611",419000.0,1.0,1.5,1135.0,41.898901,-87.62622
"7410 W North Ave Apt 304 Elmwood Park, IL 60707",139000.0,2.0,1.5,1134.0,41.90909,-87.811278
"2020 N Lincoln Park W Apt 18A Chicago, IL 60614",400000.0,2.0,2.0,1126.0,41.918779,-87.636985
"5823 N Ravenswood Ave # P9 Chicago, IL 60660",310000.0,2.0,1.0,1125.0,41.9877695,-87.6742044
"106 S Ridgeland Ave Apt 210 Oak Park, IL 60302",196000.0,2.0,1.0,1125.0,41.886662,-87.784124
"6033 N Sheridan Rd Apt 15L Chicago, IL 60660",207000.0,1.0,1.0,1117.0,41.991933,-87.654687
"1830 W Surrey Park Ln Unit 2A Arlington Heights, IL 60005",142500.0,2.0,2.0,1107.0,42.058924,-88.004582
"1227 S Old Wilke Rd Apt 409 Arlington Heights, IL 60005",137500.0,2.0,2.0,1100.0,42.062818,-88.005624
"758 N Larrabee St Apt 510 Chicago, IL 60654",485000.0,2.0,2.0,1100.0,41.895906,-87.643492
"912 Ridge Sq Apt 120 Elk Grove Village, IL 60007",125000.0,2.0,2.0,1100.0,42.004966,-87.990024
"2222 W Diversey Ave Apt 314 Chicago, IL 60647",304000.0,2.0,2.0,1100.0,41.932731,-87.683799
"1516 S Wabash Ave Apt 1107 Chicago, IL 60605",353000.0,2.0,2.0,1100.0,41.861653,-87.626195
"18400 Cherry Creek Dr Apt 407 Homewood, IL 60430",88500.0,2.0,2.0,1100.0,41.554638,-87.683567
"1700 E 56th St Apt 1608 Chicago, IL 60637",199000.0,2.0,2.0,1100.0,41.793767,-87.583257
"4837 N Central Ave Apt 204 Chicago, IL 60630",220000.0,2.0,2.0,1100.0,41.968938,-87.766858
"643 W Belmont Ave Apt 1 Chicago, IL 60657",351000.0,2.0,2.0,1100.0,41.939764,-87.646122
"5611 N Winthrop Ave # 13B Chicago, IL 60660",270000.0,2.0,2.0,1100.0,41.984035,-87.657629
"1207 S Old Wilke Rd Apt 401 Arlington Heights, IL 60005",146500.0,2.0,2.0,1100.0,42.062818,-88.005624
"4825 N Fairfield Ave Apt 2 Chicago, IL 60625",268500.0,2.0,2.0,1100.0,41.969293,-87.697209
"3241 184th St Apt 1A Homewood, IL 60430",40500.0,2.0,2.0,1100.0,41.554814,-87.696558
"1530 S State St # 209 Chicago, IL 60605",340000.0,2.0,2.0,1100.0,41.8609881,-87.6274979
"14601 Keystone Ave Apt C3 Midlothian, IL 60445",44000.0,3.0,1.5,1100.0,41.627113,-87.718663
"8940 David Pl Apt 2A Des Plaines, IL 60016",119000.0,3.0,1.5,1100.0,42.057723,-87.847715
"1481 N Larrabee St # B Chicago, IL 60610",315000.0,2.0,1.5,1100.0,41.908738,-87.64308729999999
"1525 S Sangamon St Unit 404P Chicago, IL 60608",290000.0,2.0,1.5,1100.0,41.860832,-87.649813
"300 S Roselle Rd Apt 108 Schaumburg, IL 60193",104000.0,2.0,1.5,1100.0,42.022205,-88.080854
"6650 W 64th Pl # 2W2A Chicago, IL 60638",102000.0,2.0,1.5,1100.0,41.7750456,-87.788073
"1539 N Leavitt St Chicago, IL 60622",385000.0,2.0,1.5,1100.0,41.909845,-87.681935
"2614 N Clybourn Ave Apt 203 Chicago, IL 60614",295000.0,1.0,1.5,1100.0,41.92871,-87.67543
"518 W Armitage Ave Apt 1 Chicago, IL 60614",370000.0,2.0,1.0,1100.0,41.918431,-87.642109
"2501 W Touhy Ave Apt 102 Chicago, IL 60645",127000.0,2.0,1.0,1100.0,42.011954,-87.692842
"3801 W Cullom Ave # 1 Chicago, IL 60618",105000.0,2.0,1.0,1100.0,41.9590559,-87.72322199999999
"1730 W Foster Ave Apt G Chicago, IL 60640",215000.0,2.0,1.0,1100.0,41.976376,-87.673305
"3351 N Clifton Ave Apt 1E Chicago, IL 60657",300000.0,2.0,1.0,1100.0,41.943222,-87.657496
"515 N Noble St Apt 415 Chicago, IL 60642",341000.0,1.0,1.0,1100.0,41.891902,-87.661878
"124 W Polk St Apt 101 Chicago, IL 60605",270000.0,1.0,1.0,1100.0,41.872374,-87.631365
"680 N Lake Shore Dr Apt 813 Chicago, IL 60611",265000.0,1.0,1.0,1100.0,41.894655,-87.616704
"954 W Grace St Apt J102 Chicago, IL 60613",229500.0,1.0,1.0,1100.0,41.951669,-87.65406
"9670 Franklin Ave Unit 207 Franklin Park, IL 60131",155000.0,2.0,2.0,1080.0,41.936228,-87.867177
"528 N Elizabeth St Apt 2N Chicago, IL 60642",360000.0,2.0,1.5,1080.0,41.891797,-87.659754
"4201 S Michigan Ave Apt 3N Chicago, IL 60653",130000.0,2.0,2.0,1072.0,41.818121,-87.622592
"1350 Laguna Ct Unit D Hanover Park, IL 60133",140000.0,3.0,2.0,1062.0,41.97842,-88.138758
"5755 Bavarian Ct Unit D Hanover Park, IL 60133",140000.0,3.0,2.0,1062.0,41.97842,-88.138758
"833 W 15th Pl Unit 515 Chicago, IL 60608",280000.0,2.0,1.5,1062.0,41.860805,-87.647774
"5559 Delmonte Dr Hanover Park, IL 60133",135000.0,3.0,1.0,1062.0,41.973359,-88.133215
"200 Deborah Ln Apt 10B Wheeling, IL 60090",96000.0,2.0,1.0,1056.0,42.141287,-87.911253
"1250 W Van Buren St Apt 615 Chicago, IL 60607",314500.0,2.0,2.0,1050.0,41.87664,-87.658178
"1515 N Wells St Apt 8C Chicago, IL 60610",462500.0,1.0,1.5,1050.0,41.909632,-87.634234
"201 E Chestnut St Apt 21F Chicago, IL 60611",278500.0,1.0,1.0,1050.0,41.898107,-87.62157
"523 S Plymouth Ct # P6 Chicago, IL 60605",282000.0,1.0,1.0,1050.0,41.8750915,-87.6283922
"345 N Canal St Apt 607 Chicago, IL 60606",255000.0,1.0,1.0,1050.0,41.888153,-87.639605
"1375 Spinnaker Ln Hanover Park, IL 60133",218000.0,3.0,1.5,1048.0,41.941289,-88.142464
"13751 Lamon Ave Apt 107 Crestwood, IL 60445",93000.0,2.0,2.0,1047.0,41.6422234,-87.73962089999999
"530 N Lake Shore Dr Apt 1106 Chicago, IL 60611",450000.0,1.0,1.5,1047.0,41.892147,-87.615037
"1212 N Wells St Apt 1203 Chicago, IL 60610",360000.0,1.0,1.5,1041.0,41.904327,-87.635162
"5715 129th St Apt 3A Crestwood, IL 60445",98500.0,2.0,2.0,1040.0,41.657217,-87.760053
"4700 N Western Ave Apt 3G Chicago, IL 60625",297000.0,1.0,1.5,1040.0,41.966961,-87.689204
"155 N Harbor Dr Apt 1004 Chicago, IL 60601",400000.0,1.0,1.5,1040.0,41.885009,-87.614809
"1635 W Belmont Ave Apt 419 Chicago, IL 60657",310000.0,1.0,1.0,1039.0,41.939244,-87.670244
"6246 Nugget Cir Hanover Park, IL 60133",151000.0,2.0,1.5,1032.0,41.987391,-88.142475
"2142 W Rosemont Ave Apt 3D Chicago, IL 60659",124000.0,2.0,1.0,1032.0,41.996273,-87.684074
"40 E 9th St Apt 502 Chicago, IL 60605",255000.0,1.0,1.0,1028.0,41.8715954,-87.6264181
"333 W Hubbard St Apt 401 Chicago, IL 60654",395000.0,1.0,1.0,1027.0,41.8897079,-87.6360511
"5525 Cromwell Ln Apt G1 Oak Forest, IL 60452",102000.0,2.0,2.0,1025.0,41.626617,-87.755144
"202 N Kenilworth Ave Bsmt B Oak Park, IL 60302",117500.0,1.0,1.0,1015.0,41.890367,-87.797118
"5807 W 16th St Cicero, IL 60804",98000.0,3.0,1.0,1012.0,41.857958,-87.769478
"6238 Nugget Cir Hanover Park, IL 60133",155000.0,2.0,1.5,1008.0,41.987265,-88.142543
"1713 N Chicago Ave Arlington Heights, IL 60004",290000.0,5.0,1.0,1008.0,42.107446,-88.001748
"909 W Washington Blvd Apt 705 Chicago, IL 60607",430000.0,1.0,1.5,1005.0,41.882849,-87.650311
"21 E Huron St Apt 3301 Chicago, IL 60611",515000.0,1.0,1.5,1004.0,41.89449,-87.62713
"7509 175th St Apt 223 Tinley Park, IL 60477",110000.0,2.0,2.0,1000.0,41.572237,-87.799454
"714 E Algonquin Rd Unit 203 Arlington Heights, IL 60005",222000.0,2.0,2.0,1000.0,42.04242,-87.973686
"9817 S Keeler Ave Apt D Oak Lawn, IL 60453",125500.0,2.0,2.0,1000.0,41.714032,-87.725525
"7505 Tiffany Dr Apt 3D Orland Park, IL 60462",100000.0,2.0,2.0,1000.0,41.604335,-87.801876
"931 W Arquilla Dr Apt 124 Glenwood, IL 60425",26500.0,2.0,2.0,1000.0,41.557988,-87.633676
"5510 Lincoln Ave Unit 401 Morton Grove, IL 60053",135000.0,2.0,2.0,1000.0,42.035236,-87.765541
"3522 N Wilton Ave # 2 Chicago, IL 60657",349000.0,2.0,2.0,1000.0,41.94613349999999,-87.6533539
"5351 N East River Rd Apt 201 Chicago, IL 60656",130000.0,2.0,2.0,1000.0,41.9769109,-87.84559399999999
"18205 Hart Dr Apt 3A Homewood, IL 60430",43100.0,2.0,2.0,1000.0,41.560404,-87.639792
"5646 158th St Apt 406 Oak Forest, IL 60452",130000.0,2.0,2.0,1000.0,41.60512,-87.758148
"13620 Lamon Ave Apt 415 Crestwood, IL 60445",99000.0,2.0,2.0,1000.0,41.6448068,-87.74126190000001
"3303 Grove Ave Unit 405 Berwyn, IL 60402",135000.0,2.0,2.0,1000.0,41.832071,-87.793663
"2165 N Heather Ln # 38C Palatine, IL 60074",160000.0,3.0,1.5,1000.0,42.1492759,-88.01599999999999
"247 N Smith St Unit 3E Palatine, IL 60067",125000.0,2.0,1.5,1000.0,42.115713,-88.047695
"5424 Mayflower Ct # 2504 Rolling Meadows, IL 60008",235000.0,2.0,1.5,1000.0,42.0570183,-88.00645349999999
"155 N Harbor Dr Apt 504 Chicago, IL 60601",375000.0,1.0,1.5,1000.0,41.885009,-87.614809
"2222 W Diversey Ave Apt 409 Chicago, IL 60647",255000.0,1.0,1.5,1000.0,41.9327315,-87.6837965
"1230 N State Pkwy Apt 26D Chicago, IL 60610",357000.0,1.0,1.5,1000.0,41.904789,-87.629071
"1122 N Dearborn St Apt 6E Chicago, IL 60610",493500.0,1.0,1.5,1000.0,41.902415,-87.630366
"1046 W Catalpa Ave Apt 2W Chicago, IL 60640",170000.0,2.0,1.0,1000.0,41.982076,-87.656969
"2956 N Halsted St Apt 2 Chicago, IL 60657",340500.0,2.0,1.0,1000.0,41.936146,-87.649388
"2540 N Sacramento Ave Apt 1 Chicago, IL 60647",278000.0,2.0,1.0,1000.0,41.927872,-87.702606
"4021 N Clarendon Ave Apt 3W Chicago, IL 60613",265200.0,2.0,1.0,1000.0,41.955186,-87.649348
"1046 W Catalpa Ave Apt 2W Chicago, IL 60640",192000.0,2.0,1.0,1000.0,41.982076,-87.656969
"636 W Waveland Ave Apt 2A Chicago, IL 60613",270000.0,2.0,1.0,1000.0,41.950333,-87.646091
"2642 N Washtenaw Ave Apt 2 Chicago, IL 60647",285000.0,2.0,1.0,1000.0,41.93007,-87.69549
"5313 N Delphia Ave Apt 314 Chicago, IL 60656",118000.0,2.0,1.0,1000.0,41.9758195,-87.84085069999999
"2621 N California Ave # 1 Chicago, IL 60647",260000.0,2.0,1.0,1000.0,41.9294338,-87.69733649999999
"8876 Golf Rd # 202B Des Plaines, IL 60016",106500.0,2.0,1.0,1000.0,42.0544425,-87.84701650000001
"6007 N Sheridan Rd Apt 32H Chicago, IL 60660",180000.0,1.0,1.0,1000.0,41.991304,-87.654701
"2801 N Oakley Ave Apt 203 Chicago, IL 60618",285000.0,1.0,1.0,1000.0,41.932428,-87.685074
"1 E Schiller St Apt 6C Chicago, IL 60610",317500.0,1.0,1.0,1000.0,41.907631,-87.628243
"801 S Plymouth Ct Apt 907 Chicago, IL 60605",246000.0,1.0,1.0,1000.0,41.871849,-87.62811
"323 W Belden Ave Apt 2 Chicago, IL 60614",283000.0,1.0,1.0,1000.0,41.923526,-87.63742
"431 S Dearborn St Apt 602 Chicago, IL 60605",205000.0,1.0,1.0,1000.0,41.876065,-87.628964
"1000 W Washington Blvd Unit 432 Chicago, IL 60607",307000.0,1.0,1.0,1000.0,41.883633,-87.652663
"5 W Central Rd Apt 212 Mt Prospect, IL 60056",172500.0,1.0,1.0,1000.0,42.065593,-87.937522
"1307 S Wabash Ave Apt 608 Chicago, IL 60605",230000.0,1.0,1.0,1000.0,41.8654366,-87.62519789999999
"3704 Monitor Dr Hanover Park, IL 60133",182000.0,3.0,2.0,993.0,41.938134,-88.143928
"314 Silverwood Ct Apt B1 Schaumburg, IL 60193",156000.0,2.0,2.0,980.0,42.02243,-88.04485
"1000 W 15th St Unit 235 Chicago, IL 60608",287000.0,2.0,2.0,980.0,41.861952,-87.652503
"1335 N Greenview Ave Apt 2R Chicago, IL 60642",365000.0,2.0,2.0,978.0,41.90613,-87.664777
"3727 N Wolcott Ave Unit 6 Chicago, IL 60613",258000.0,1.0,1.5,975.0,41.949646,-87.675919
"2201 W Wabansia Ave Apt 16 Chicago, IL 60647",525000.0,1.0,1.0,975.0,41.912376,-87.682755
"1250 S Indiana Ave Apt 211 Chicago, IL 60605",306000.0,2.0,1.5,968.0,41.866225,-87.623016
"221 E Cullerton St Apt 610 Chicago, IL 60616",263000.0,1.0,1.0,968.0,41.855215,-87.62116
"645 N Kingsbury St Apt 1704 Chicago, IL 60654",365000.0,2.0,1.5,966.0,41.893364,-87.640909
"4057 W Belle Plaine Ave # G Chicago, IL 60641",130000.0,1.0,1.5,966.0,41.9552319,-87.73651840000001
"512 N McClurg Ct Apt 3606 Chicago, IL 60611",345000.0,1.0,1.0,965.0,41.8915234,-87.6178142
"6131 Kit Carson Dr Hanover Park, IL 60133",130000.0,2.0,1.0,956.0,41.985198,-88.140905
"1453 Bear Flag Dr Hanover Park, IL 60133",119000.0,2.0,1.0,956.0,41.985198,-88.140905
"1625 Garland Ln Hanover Park, IL 60133",165000.0,3.0,1.0,954.0,41.971642,-88.143394
"4241 N Kimball Ave Apt 3 Chicago, IL 60618",182500.0,2.0,2.0,950.0,41.958679,-87.712895
"3110 N Greenview Ave Apt 4W Chicago, IL 60657",375500.0,2.0,2.0,950.0,41.93822,-87.666377
"1314 Main St Apt 2B Evanston, IL 60202",247500.0,2.0,2.0,950.0,42.033675,-87.690721
"6265 Kit Carson Dr Hanover Park, IL 60133",135000.0,2.0,1.5,950.0,41.987791,-88.139959
"6274 Kit Carson Dr Hanover Park, IL 60133",133000.0,2.0,1.5,950.0,41.987144,-88.141335
"6277 Gold Cir Hanover Park, IL 60133",140000.0,2.0,1.5,950.0,41.987882,-88.141145
"5701 N Sheridan Rd Apt 8B Chicago, IL 60660",135000.0,2.0,1.0,950.0,41.986038,-87.654659
"1505 E Central Rd Unit 404A Arlington Heights, IL 60005",124500.0,1.0,1.0,950.0,42.063951,-87.964908
"405 N Wabash Ave Unit 1402 Chicago, IL 60611",290000.0,1.0,1.0,950.0,41.889768,-87.626012
"1151 W Washington Blvd Unit 122 Chicago, IL 60607",350000.0,1.0,1.0,950.0,41.882335,-87.655811
"70 W Huron St Apt 1809 Chicago, IL 60654",315000.0,1.0,1.0,950.0,41.895239,-87.63086
"512 N McClurg Ct Apt 3211 Chicago, IL 60611",300000.0,1.0,1.0,950.0,41.8915234,-87.6178142
"899 S Plymouth Ct Apt 2508 Chicago, IL 60605",230000.0,1.0,1.0,950.0,41.87087289999999,-87.62806839999999
"6037 Kit Carson Dr Hanover Park, IL 60133",139000.0,2.0,1.5,944.0,41.985198,-88.140905
"6147 Kit Carson Dr Hanover Park, IL 60133",129000.0,2.0,1.5,944.0,41.985978,-88.139975
"6028 Kit Carson Dr Hanover Park, IL 60133",127000.0,2.0,1.5,944.0,41.984639,-88.140358
"1421 Fremont Dr Hanover Park, IL 60133",127500.0,2.0,1.5,944.0,41.984492,-88.141493
"1305 Bamburg Ct Unit B Hanover Park, IL 60133",110000.0,2.0,1.0,943.0,41.978428,-88.138764
"1295 Bamburg Ct Unit B Hanover Park, IL 60133",124000.0,2.0,1.0,943.0,41.978428,-88.138764
"1400 Alpine Ct Unit B Hanover Park, IL 60133",109000.0,2.0,1.0,943.0,41.97842,-88.138758
"1370 Alpine Ct Unit B Hanover Park, IL 60133",114500.0,2.0,1.0,943.0,41.980365,-88.138609
"1355 Laguna Ct Unit B Hanover Park, IL 60133",101000.0,2.0,1.0,943.0,41.979405,-88.138639
"1849 W Lunt Ave Apt 1A Chicago, IL 60626",170000.0,2.0,1.0,940.0,42.008574,-87.677741
"535 N Michigan Ave Apt 2201 Chicago, IL 60611",240000.0,1.0,1.0,940.0,41.8919696,-87.62359839999999
"15272 State St South Holland, IL 60473",39500.0,2.0,1.0,936.0,41.617348,-87.617388
"5638 Pebblebeach Dr Hanover Park, IL 60133",110500.0,2.0,1.0,936.0,41.975184,-88.136935
"1635 W Belmont Ave Apt 517 Chicago, IL 60657",300000.0,1.0,1.0,933.0,41.939244,-87.670244
"2500 N Lakeview Ave Apt 1103 Chicago, IL 60614",280000.0,1.0,1.5,930.0,41.928224,-87.639605
"1301 W Touhy Ave Apt 312 Park Ridge, IL 60068",153000.0,2.0,1.5,925.0,42.0107256,-87.8424319
"6171 N Sheridan Rd Apt 2306 Chicago, IL 60660",127500.0,1.0,1.0,920.0,41.994383,-87.654761
"2620 N Spaulding Ave Apt 1S Chicago, IL 60647",265000.0,2.0,1.0,918.0,41.929038,-87.711264
"405 N Wabash Ave Unit 811 Chicago, IL 60611",372500.0,1.0,1.0,915.0,41.889768,-87.626012
"210 S Desplaines St Apt 209 Chicago, IL 60661",319500.0,2.0,1.0,910.0,41.878935,-87.644551
"70 W Huron St Apt 509 Chicago, IL 60654",275000.0,1.0,1.0,910.0,41.895239,-87.63086
"7061 N Kedzie Ave Ste 905 Chicago, IL 60645",90000.0,1.0,1.0,905.0,42.009176,-87.706699
"2800 N Greenview Ave Apt 3S Chicago, IL 60657",636000.0,3.0,2.0,900.0,41.932698,-87.666206
"20 E Goethe St Apt 106 Chicago, IL 60610",210000.0,1.0,2.0,900.0,41.9060393,-87.62794099999999
"3207 W Argyle St Apt 1W Chicago, IL 60625",168000.0,2.0,1.5,900.0,41.971827,-87.708922
"1304 W Cornelia Ave # 2 Chicago, IL 60657",393000.0,2.0,1.5,900.0,41.9454928,-87.6618313
"6301 N Sheridan Rd Apt 18V Chicago, IL 60660",142000.0,1.0,1.5,900.0,41.996792,-87.65495
"700 W Van Buren St Apt 1305 Chicago, IL 60607",350000.0,1.0,1.5,900.0,41.876953,-87.644301
"6253 N Greenview Ave Chicago, IL 60660",202500.0,2.0,1.0,900.0,41.996137,-87.667547
"1743 N Cleveland Ave Apt 2R Chicago, IL 60614",1250000.0,2.0,1.0,900.0,41.9141207,-87.6408792
"4655 N Spaulding Ave Apt 1 Chicago, IL 60625",175000.0,2.0,1.0,900.0,41.966326,-87.710663
"1255 S State St Unit 1901 Chicago, IL 60605",320000.0,2.0,1.0,900.0,41.8661707,-87.6267747
"221 E Cullerton St Apt 614 Chicago, IL 60616",263000.0,1.0,1.0,900.0,41.855215,-87.62116
"2800 N Lake Shore Dr Apt 807 Chicago, IL 60657",210000.0,1.0,1.0,900.0,41.933244,-87.637119
"1440 N Lake Shore Dr Apt 28G Chicago, IL 60610",300000.0,1.0,1.0,900.0,41.908998,-87.62651
"220 S Oak Park Ave Apt 1 Oak Park, IL 60302",95000.0,1.0,1.0,900.0,41.884265,-87.793924
"5916 N Paulina St Apt 2E Chicago, IL 60660",175000.0,1.0,1.0,900.0,41.989014,-87.672013
"1528 S Wabash Ave # P-01 Chicago, IL 60605",244000.0,1.0,1.0,900.0,41.8609582,-87.6260035
"4250 N Marine Dr Apt 526 Chicago, IL 60613",165000.0,1.0,1.0,900.0,41.960138,-87.647691
"547 S Clark St Apt 404 Chicago, IL 60605",264000.0,1.0,1.0,900.0,41.8747537,-87.630353
"6274 Gold Cir Hanover Park, IL 60133",146000.0,2.0,2.0,898.0,41.987825,-88.141514
"125 N Euclid Ave Apt 308 Oak Park, IL 60301",168500.0,1.0,1.0,895.0,41.888119,-87.792731
"6940 W 65th St Apt 2A Chicago, IL 60638",89000.0,2.0,1.0,890.0,41.77409,-87.794938
"1431 Bear Flag Dr # 1 Hanover Park, IL 60133",125000.0,2.0,1.0,889.0,41.98549670000001,-88.14136219999999
"6026 Kit Carson Dr Hanover Park, IL 60133",125000.0,2.0,1.0,889.0,41.985198,-88.140905
"3300 W Irving Park Rd Unit B2 Chicago, IL 60618",202000.0,1.0,1.0,887.0,41.9541947,-87.710955
"111 S Morgan St Apt 421 Chicago, IL 60607",365000.0,1.0,1.0,885.0,41.879676,-87.651627
"9355 Irving Park Rd Apt 211 Schiller Park, IL 60176",90000.0,1.0,1.0,885.0,41.95388,-87.861832
"182 W Lake St Apt 603 Chicago, IL 60601",289500.0,2.0,1.0,879.0,41.886024,-87.633725
"6301 N Sheridan Rd Apt 23K Chicago, IL 60660",140000.0,1.0,1.5,875.0,41.996806,-87.654865
"21 E Chestnut St Apt 19H Chicago, IL 60611",197000.0,1.0,1.0,875.0,41.898139,-87.627185
"375 W Erie St Apt 323 Chicago, IL 60654",321000.0,1.0,1.0,875.0,41.89369,-87.639378
"1253 W 109th St Chicago, IL 60643",30000.0,3.0,1.5,874.0,41.695593,-87.654392
"2251 W Saint Paul Ave Apt 2AA Chicago, IL 60647",295000.0,1.0,1.0,867.0,41.913264,-87.684422
"6135 N Broadway St Apt 200 Chicago, IL 60660",217000.0,1.0,1.5,865.0,41.9934106,-87.6597541
"330 N Jefferson St Apt 1306 Chicago, IL 60661",323500.0,1.0,1.0,865.0,41.887687,-87.643618
"510 W Erie St Apt 1108 Chicago, IL 60654",337500.0,1.0,1.5,860.0,41.894292,-87.64219
"10510 Parkside Ave Apt 12 Chicago Ridge, IL 60415",60000.0,2.0,1.0,850.0,41.70105,-87.761286
"1954 W Patterson Ave # 2 Chicago, IL 60613",195000.0,1.0,1.0,850.0,41.9479631,-87.6782544
"5701 N Sheridan Rd Apt 7Q Chicago, IL 60660",180000.0,1.0,1.0,850.0,41.986038,-87.654659
"1760 W Wrightwood Ave Apt 205 Chicago, IL 60614",290000.0,1.0,1.0,850.0,41.929013,-87.672622
"1450 N Dearborn St Apt 3B Chicago, IL 60610",430000.0,1.0,1.0,850.0,41.909238,-87.630565
"17004 Novak Dr Apt 203 Hazel Crest, IL 60429",27000.0,1.0,1.0,850.0,41.580896,-87.690211
"33 W Delaware Pl Apt 19J Chicago, IL 60610",282500.0,1.0,1.0,850.0,41.898813,-87.629378
"4832 N Talman Ave # 2D Chicago, IL 60625",190000.0,1.0,1.0,850.0,41.96948099999999,-87.695346
"10 E Ontario St Apt 4505 Chicago, IL 60611",325000.0,1.0,1.0,845.0,41.893625,-87.627535
"520 W Huron St # PU-7 Chicago, IL 60654",288000.0,1.0,1.0,845.0,41.8949781,-87.64200330000001
"910 N Lake Shore Dr Apt 1415 Chicago, IL 60611",272000.0,1.0,1.0,841.0,41.899685,-87.619667
"655 W Irving Park Rd Apt 4512 Chicago, IL 60613",210000.0,2.0,1.0,840.0,41.954293,-87.647166
"405 N Wabash Ave Unit 3508 Chicago, IL 60611",325000.0,1.0,1.0,840.0,41.889768,-87.626012
"6171 N Sheridan Rd Apt 302 Chicago, IL 60660",111000.0,1.0,1.0,837.0,41.994383,-87.654658
"1201 Court C Hanover Park, IL 60133",115000.0,2.0,1.0,833.0,41.972898,-88.13207
"940 Holbrook Rd Apt 16B Homewood, IL 60430",21000.0,2.0,1.0,830.0,41.53972,-87.639744
"5455 N Sheridan Rd Apt 3208 Chicago, IL 60640",175000.0,1.0,1.0,830.0,41.981661,-87.654496
"500 S Clinton St # G009 Chicago, IL 60607",153000.0,1.0,1.0,828.0,41.87508280000001,-87.6415793
"1872 N Clybourn Ave Apt 208 Chicago, IL 60614",250000.0,1.0,1.0,827.0,41.9150074,-87.6560107
"8650 W Berwyn Ave Unit 2N Chicago, IL 60656",118000.0,2.0,1.0,825.0,41.9753444,-87.8435793
"1854 N Lincoln Ave # G Chicago, IL 60614",225000.0,1.0,1.0,825.0,41.9161778,-87.6360782
"400 E Randolph St Apt 1205 Chicago, IL 60601",352000.0,1.0,1.0,825.0,41.884848,-87.616811
"850 N Dewitt Pl Apt 12D Chicago, IL 60611",223500.0,1.0,1.0,825.0,41.898238,-87.620654
"2 E Erie St Apt 3707 Chicago, IL 60611",375000.0,1.0,1.0,824.0,41.894341,-87.627683
"1749 N Wells St Apt 1411 Chicago, IL 60614",314500.0,1.0,1.0,823.0,41.9142116,-87.6339237
"1749 N Wells St Apt 1603 Chicago, IL 60614",287000.0,1.0,1.0,823.0,41.9142116,-87.6339237
"545 N Dearborn St # W2608 Chicago, IL 60654",317500.0,1.0,1.0,818.0,41.8920828,-87.628862
"655 W Irving Park Rd Apt 5506 Chicago, IL 60613",213500.0,1.0,1.0,816.0,41.954293,-87.647166
"1918 S Michigan Ave Apt 204 Chicago, IL 60616",240000.0,1.0,1.0,815.0,41.856451,-87.624079
"7146 S University Ave Chicago, IL 60619",5000.0,3.0,1.0,810.0,41.764576,-87.59738
"5445 N Sheridan Rd Apt 3106 Chicago, IL 60640",185000.0,1.0,1.0,810.0,41.981037,-87.654499
"182 W Lake St Apt 2502 Chicago, IL 60601",276500.0,1.0,1.0,810.0,41.886024,-87.633725
"2041 W Potomac Ave # 2 Chicago, IL 60622",430000.0,2.0,2.0,800.0,41.9105074,-87.66871809999999
"505 S Campbell Ave Apt 1 Chicago, IL 60612",117500.0,2.0,2.0,800.0,41.874728,-87.688384
"2167 N Dogwood Ln Palatine, IL 60074",190000.0,2.0,1.5,800.0,42.148209,-88.016672
"15718 Peggy Ln Apt 5 Oak Forest, IL 60452",60000.0,2.0,1.5,800.0,41.60508919999999,-87.75988699999999
"4649 W 95th St # B Oak Lawn, IL 60453",81000.0,3.0,1.0,800.0,41.720841,-87.73863659999999
"2139 N Harlem Ave Rear 121 Chicago, IL 60707",159000.0,2.0,1.0,800.0,41.918917,-87.805578
"1101 Harlem Ave Apt 202 Forest Park, IL 60130",100000.0,2.0,1.0,800.0,41.866679,-87.804613
"1205 N Sterling Ave Apt 207 Palatine, IL 60067",71500.0,2.0,1.0,800.0,42.129791,-88.071545
"4454 W Gunnison St # 2C Chicago, IL 60630",120000.0,2.0,1.0,800.0,41.969264,-87.74023799999999
"127 N Wolf Rd Apt 38A Wheeling, IL 60090",109000.0,2.0,1.0,800.0,42.141126,-87.913886
"9561 Dee Rd # 109I Des Plaines, IL 60016",110000.0,2.0,1.0,800.0,42.0528856,-87.8547337
"2735 W Armitage Ave Apt 105 Chicago, IL 60647",256000.0,1.0,1.0,800.0,41.917926,-87.6956721
"2400 Windsor Mall Apt 1D Park Ridge, IL 60068",115000.0,1.0,1.0,800.0,42.00465,-87.856639
"1010 N Lake Shore Dr Chicago, IL 60611",225000.0,1.0,1.0,800.0,41.89818,-87.618627
"700 W Van Buren St Apt 1108 Chicago, IL 60607",275000.0,1.0,1.0,800.0,41.876953,-87.644301
"3900 N Lake Shore Dr Apt 20H Chicago, IL 60613",118500.0,1.0,1.0,800.0,41.953299,-87.645557
"1431 W Leland Ave # G Chicago, IL 60640",115000.0,1.0,1.0,800.0,41.9669516,-87.6652799
"515 W Wrightwood Ave Apt 302 Chicago, IL 60614",235000.0,1.0,1.0,800.0,41.930177,-87.642082
"520 W Huron St Apt 302 Chicago, IL 60654",305000.0,1.0,1.0,800.0,41.894833,-87.641947
"497 Sheridan Rd Evanston, IL 60202",142000.0,1.0,1.0,800.0,42.027537,-87.669452
"6036 N Kenmore Ave # 2 Chicago, IL 60660",185000.0,1.0,1.0,800.0,41.9921,-87.657257
"1629 W Lawrence Ave # 2 Chicago, IL 60640",187000.0,1.0,1.0,800.0,41.9686809,-87.67061900000002
"3550 N Lake Shore Dr Apt 824 Chicago, IL 60657",182500.0,1.0,1.5,796.0,41.9479739,-87.6437777
"5469 S Ingleside Ave Apt 3S Chicago, IL 60615",170000.0,2.0,1.0,790.0,41.795831,-87.602313
"30 E Huron St Apt 1110 Chicago, IL 60611",315000.0,1.0,1.0,782.0,41.895358,-87.626369
"6030 N Sheridan Rd Apt 311 Chicago, IL 60660",10000.0,1.0,1.0,780.0,41.99160610000001,-87.65569529999999
"630 W Waveland Ave Apt 4B Chicago, IL 60613",220000.0,1.0,1.0,780.0,41.9503842,-87.646023
"9418 Kelvin Ln Apt 3273 Schiller Park, IL 60176",133000.0,2.0,1.0,770.0,41.966871,-87.863855
"645 N Kingsbury St Apt 2303 Chicago, IL 60654",300000.0,1.0,1.5,750.0,41.893409,-87.640754
"30 E Elm St Apt 8E Chicago, IL 60611",210000.0,1.0,1.0,750.0,41.903455,-87.627528
"1545 W Chase Ave # 2A Chicago, IL 60626",104000.0,1.0,1.0,750.0,42.01354860000001,-87.66974859999999
"1212 N La Salle Dr Apt 609 Chicago, IL 60610",239000.0,1.0,1.0,750.0,41.904192,-87.633683
"3930 N Pine Grove Ave Apt 1205 Chicago, IL 60613",155000.0,1.0,1.0,750.0,41.954107,-87.648476
"474 N Lake Shore Dr Apt 3010 Chicago, IL 60611",271500.0,1.0,1.0,741.0,41.89077,-87.614819
"445 W Wellington Ave Apt 3B Chicago, IL 60657",263000.0,1.0,1.0,735.0,41.936426,-87.64106459999999
"445 W Wellington Ave Apt 4A Chicago, IL 60657",248500.0,1.0,1.0,725.0,41.936271,-87.641068
"30 E Huron St Apt 3106 Chicago, IL 60611",305000.0,1.0,1.0,717.0,41.895358,-87.626369
"182 W Lake St Apt 313 Chicago, IL 60601",211500.0,2.0,1.0,715.0,41.886024,-87.633725
"6700 S South Shore Dr Apt 16E Chicago, IL 60649",52000.0,1.0,1.0,712.0,41.773074,-87.567152
"40 E Delaware Pl Apt 1604 Chicago, IL 60611",225000.0,1.0,1.0,705.0,41.899395,-87.627235
"1101 Harlem Ave Apt 304 Forest Park, IL 60130",115000.0,2.0,1.0,700.0,41.86667800000001,-87.80462299999999
"3037 W Montrose Ave Apt 2D Chicago, IL 60618",152000.0,2.0,1.0,700.0,41.961,-87.704938
"3037 W Montrose Ave Apt 2A Chicago, IL 60618",148000.0,2.0,1.0,700.0,41.9609749,-87.7049069
"18361 Glen Oak Ave Apt 2B Lansing, IL 60438",35000.0,2.0,1.0,700.0,41.561748,-87.557343
"653 Chappel Ave # 1B Calumet City, IL 60409",50000.0,2.0,1.0,700.0,41.616444,-87.57193199999999
"7337 S South Shore Dr Apt 1030 Chicago, IL 60649",38000.0,2.0,1.0,700.0,41.7634,-87.558525
"701 S Wells St Apt 1707 Chicago, IL 60607",229000.0,1.0,1.0,700.0,41.873147,-87.633249
"758 N Larrabee St Apt 632 Chicago, IL 60654",259000.0,1.0,1.0,700.0,41.895906,-87.643492
"14740 Kilpatrick Ave Apt 5W Midlothian, IL 60445",61500.0,1.0,1.0,700.0,41.624105,-87.734928
"2020 N Lincoln Park W Apt 24C Chicago, IL 60614",270000.0,1.0,1.0,700.0,41.918779,-87.636985
"4063 N Sheridan Rd # 1G Chicago, IL 60613",113000.0,1.0,1.0,700.0,41.956394,-87.654223
"655 W Irving Park Rd Apt 3107 Chicago, IL 60613",169500.0,1.0,1.0,700.0,41.954293,-87.647166
"8845 Lamon Ave Apt 3N Skokie, IL 60077",101000.0,1.0,1.0,700.0,42.042164,-87.749069
"7061 N Kedzie Ave Ste 1109 Chicago, IL 60645",85000.0,1.0,1.0,692.0,42.009176,-87.706699
"586 Fairway View Dr Apt 3C Wheeling, IL 60090",86000.0,1.0,1.0,679.0,42.147069,-87.949577
"290 N Westgate Rd Apt 108 Mount Prospect, IL 60056",101000.0,1.0,1.0,675.0,42.071812,-87.917445
"58 Forest Ave Apt 2S Riverside, IL 60546",80000.0,1.0,1.0,654.0,41.828486,-87.82175
"400 E Randolph St Apt 3711 Chicago, IL 60601",763000.0,2.0,2.0,650.0,41.884848,-87.616811
"111 W Maple St Apt 3411 Chicago, IL 60610",225000.0,1.0,1.0,650.0,41.901344,-87.631797
"1849 W Greenleaf Ave Apt 1S Chicago, IL 60626",120000.0,1.0,1.0,650.0,42.009788,-87.677803
"65 E Cedar St Apt 1A Chicago, IL 60611",205000.0,1.0,1.0,650.0,41.902202,-87.625922
"2909 N Sheridan Rd Apt 505 Chicago, IL 60657",154000.0,1.0,1.0,650.0,41.9347,-87.638847
"1545 W Chase Ave Apt 308 Chicago, IL 60626",118500.0,1.0,1.0,645.0,42.01353,-87.669785
"4513 S Laflin St Chicago, IL 60609",20000.0,2.0,2.0,644.0,41.811805,-87.662273
"30 E Huron St Apt 1003 Chicago, IL 60611",260000.0,1.0,1.0,643.0,41.89532,-87.626472
"233 E Erie St Apt 1907 Chicago, IL 60611",170000.0,1.0,1.0,633.0,41.893971,-87.621479
"6937 W 64th Pl Apt 9 Chicago, IL 60638",65500.0,1.0,1.0,630.0,41.774455,-87.794989
"7449 Washington St Apt 403 Forest Park, IL 60130",73500.0,1.0,1.0,613.0,41.881764,-87.811582
"11 King Arthur Ct Apt 4 Northlake, IL 60164",53000.0,1.0,1.0,600.0,41.922242,-87.911327
"8845 Lamon Ave Apt 2N Skokie, IL 60077",99000.0,1.0,1.0,582.0,42.042163,-87.74907
"10810 S Albany Ave Chicago, IL 60655",105000.0,2.0,1.0,580.0,41.696643,-87.69899
"182 W Lake St Apt 507 Chicago, IL 60601",182500.0,1.0,1.0,546.0,41.8860246,-87.63372559999999
"4709 N Virginia Ave Apt 3C Chicago, IL 60625",132000.0,1.0,1.0,500.0,41.967013,-87.698
"530 W Barry Ave Apt 5D Chicago, IL 60657",150000.0,1.0,1.0,500.0,41.938006,-87.643195
"5960 N Winthrop Ave Apt 2W Chicago, IL 60660",1615000.0,1.0,1.0,500.0,41.990719,-87.658637
